owner,repo,full_name,html_url,stargazers_count,forks_count,open_issues_count,language,created_at,pushed_at,default_branch,total_prs,review_probe_pr,review_probe_state,review_probe_human_reviewer
codecrafters-io,build-your-own-x,codecrafters-io/build-your-own-x,https://github.com/codecrafters-io/build-your-own-x,498084,47198,473,Markdown,2018-05-09T12:03:18Z,2026-02-21T09:34:54Z,master,558,1740,APPROVED,atacanjacques
sindresorhus,awesome,sindresorhus/awesome,https://github.com/sindresorhus/awesome,460241,34532,67,,2014-07-11T13:42:37Z,2026-04-19T17:04:38Z,main,2387,4115,COMMENTED,wrightderek658-cell
freeCodeCamp,freeCodeCamp,freeCodeCamp/freeCodeCamp,https://github.com/freeCodeCamp/freeCodeCamp,443875,44417,180,TypeScript,2014-12-24T17:49:19Z,2026-04-29T18:06:57Z,main,44365,67172,APPROVED,huyenltnguyen
EbookFoundation,free-programming-books,EbookFoundation/free-programming-books,https://github.com/EbookFoundation/free-programming-books,387141,66182,78,Python,2013-10-11T06:50:37Z,2026-04-24T13:32:32Z,main,11393,13233,CHANGES_REQUESTED,eshellman
openclaw,openclaw,openclaw/openclaw,https://github.com/openclaw/openclaw,366356,75145,6879,TypeScript,2025-11-24T10:16:47Z,2026-04-29T23:04:01Z,main,40096,74359,COMMENTED,fede-kamel
donnemartin,system-design-primer,donnemartin/system-design-primer,https://github.com/donnemartin/system-design-primer,346237,55868,529,Python,2017-02-26T16:15:28Z,2026-03-20T01:52:19Z,master,648,1172,COMMENTED,Shramkoweb
jwasham,coding-interview-university,jwasham/coding-interview-university,https://github.com/jwasham/coding-interview-university,343261,82280,104,,2016-06-06T02:34:12Z,2025-08-28T14:42:47Z,main,1026,2078,COMMENTED,andrzejsydor
vinta,awesome-python,vinta/awesome-python,https://github.com/vinta/awesome-python,295075,27793,18,Python,2014-06-27T21:00:06Z,2026-04-27T15:58:22Z,master,1427,3094,APPROVED,vinta
awesome-selfhosted,awesome-selfhosted,awesome-selfhosted/awesome-selfhosted,https://github.com/awesome-selfhosted/awesome-selfhosted,288901,13304,0,,2015-06-01T02:33:17Z,2026-04-27T18:44:38Z,master,2990,4198,CHANGES_REQUESTED,klpx
996icu,996.ICU,996icu/996.ICU,https://github.com/996icu/996.ICU,276100,20890,16694,,2019-03-26T07:31:14Z,2025-08-22T06:01:29Z,master,1920,26142,COMMENTED,edooky72-pixel
facebook,react,facebook/react,https://github.com/facebook/react,244763,51002,1260,JavaScript,2013-05-24T16:15:54Z,2026-04-29T20:18:39Z,main,19277,35777,COMMENTED,bgirard
TheAlgorithms,Python,TheAlgorithms/Python,https://github.com/TheAlgorithms/Python,220392,50457,940,Python,2016-07-16T09:44:01Z,2026-04-13T22:10:46Z,master,12072,14609,APPROVED,mindaugl
trimstray,the-book-of-secret-knowledge,trimstray/the-book-of-secret-knowledge,https://github.com/trimstray/the-book-of-secret-knowledge,217928,13093,138,,2018-06-23T10:43:14Z,2024-11-19T14:00:38Z,master,367,552,APPROVED,shayanfareed001
trekhleb,javascript-algorithms,trekhleb/javascript-algorithms,https://github.com/trekhleb/javascript-algorithms,195895,31087,403,JavaScript,2018-03-24T07:47:04Z,2026-02-18T09:20:06Z,master,829,2120,APPROVED,lisagorewitdecker
ohmyzsh,ohmyzsh,ohmyzsh/ohmyzsh,https://github.com/ohmyzsh/ohmyzsh,186597,26359,547,Shell,2009-08-28T18:15:37Z,2026-04-28T07:41:11Z,master,7950,12972,CHANGES_REQUESTED,carlosala
getify,You-Dont-Know-JS,getify/You-Dont-Know-JS,https://github.com/getify/You-Dont-Know-JS,184444,33581,2,,2013-11-16T02:37:24Z,2026-02-15T04:36:44Z,2nd-ed,881,1020,COMMENTED,Ivan-Perez
microsoft,vscode,microsoft/vscode,https://github.com/microsoft/vscode,184382,39549,16839,TypeScript,2015-09-03T20:23:38Z,2026-04-29T23:10:35Z,main,55131,313244,APPROVED,pwang347
Significant-Gravitas,AutoGPT,Significant-Gravitas/AutoGPT,https://github.com/Significant-Gravitas/AutoGPT,183880,46235,393,Python,2023-03-16T09:21:07Z,2026-04-29T22:56:20Z,master,7851,12933,COMMENTED,majdyz
flutter,flutter,flutter/flutter,https://github.com/flutter/flutter,176139,30292,12572,Dart,2015-03-06T22:54:58Z,2026-04-29T22:17:17Z,master,70995,185787,APPROVED,fluttergithubbot
github,gitignore,github/gitignore,https://github.com/github/gitignore,173627,82589,69,,2010-11-08T20:17:14Z,2026-04-27T16:16:10Z,main,4656,4856,COMMENTED,shivaCode-2
obra,superpowers,obra/superpowers,https://github.com/obra/superpowers,173048,15260,278,Shell,2025-10-09T19:45:18Z,2026-04-28T23:56:47Z,main,675,1189,COMMENTED,afurm
avelino,awesome-go,avelino/awesome-go,https://github.com/avelino/awesome-go,171343,13176,182,Go,2014-07-06T13:42:15Z,2026-04-27T08:30:23Z,main,5237,6039,APPROVED,Jason-123-cyber
ollama,ollama,ollama/ollama,https://github.com/ollama/ollama,170336,15880,3106,Go,2023-06-26T19:39:32Z,2026-04-29T21:18:46Z,main,5422,15883,APPROVED,ParthSareen
affaan-m,everything-claude-code,affaan-m/everything-claude-code,https://github.com/affaan-m/everything-claude-code,170155,26362,189,JavaScript,2026-01-18T00:51:51Z,2026-04-29T23:10:37Z,main,1049,1608,COMMENTED,anupamme
AUTOMATIC1111,stable-diffusion-webui,AUTOMATIC1111/stable-diffusion-webui,https://github.com/AUTOMATIC1111/stable-diffusion-webui,162661,30294,2482,Python,2022-08-22T14:05:26Z,2026-03-02T07:00:53Z,master,3325,16737,COMMENTED,mcmonkey4eva
f,prompts.chat,f/prompts.chat,https://github.com/f/prompts.chat,161155,21047,45,HTML,2022-12-05T13:54:13Z,2026-04-29T04:17:20Z,main,870,1167,APPROVED,andrzejsydor
jlevy,the-art-of-command-line,jlevy/the-art-of-command-line,https://github.com/jlevy/the-art-of-command-line,160810,14804,254,,2015-05-20T15:11:03Z,2024-06-25T18:13:44Z,master,599,613,APPROVED,alebas1
huggingface,transformers,huggingface/transformers,https://github.com/huggingface/transformers,160087,33054,2334,Python,2018-10-29T13:56:00Z,2026-04-29T17:16:57Z,main,26143,45661,COMMENTED,ArthurZucker
yt-dlp,yt-dlp,yt-dlp/yt-dlp,https://github.com/yt-dlp/yt-dlp,159627,13229,2500,Python,2020-10-26T04:22:55Z,2026-04-19T21:37:26Z,master,4767,16543,COMMENTED,dirkf
airbnb,javascript,airbnb/javascript,https://github.com/airbnb/javascript,148120,26705,159,JavaScript,2012-11-01T23:13:50Z,2026-04-16T19:24:09Z,master,1683,165,COMMENTED,shi980604
langflow-ai,langflow,langflow-ai/langflow,https://github.com/langflow-ai/langflow,147512,8873,946,Python,2023-02-08T22:28:03Z,2026-04-29T22:43:12Z,main,8922,12903,APPROVED,erichare
ytdl-org,youtube-dl,ytdl-org/youtube-dl,https://github.com/ytdl-org/youtube-dl,140159,10623,4125,Python,2010-10-31T14:35:07Z,2026-02-19T16:45:25Z,master,4864,31306,CHANGES_REQUESTED,dirkf
langgenius,dify,langgenius/dify,https://github.com/langgenius/dify,139645,21901,825,TypeScript,2023-04-12T07:40:24Z,2026-04-29T23:00:32Z,main,13464,30923,APPROVED,WH-2099
vercel,next.js,vercel/next.js,https://github.com/vercel/next.js,139219,30993,3850,JavaScript,2016-10-05T23:32:51Z,2026-04-29T22:18:38Z,canary,36560,93287,COMMENTED,aurorascharff
Genymobile,scrcpy,Genymobile/scrcpy,https://github.com/Genymobile/scrcpy,139193,12958,2791,C,2017-11-21T18:00:27Z,2026-04-28T16:35:21Z,master,652,6772,COMMENTED,anotheruserofgithub
yangshun,tech-interview-handbook,yangshun/tech-interview-handbook,https://github.com/yangshun/tech-interview-handbook,139089,16532,44,TypeScript,2016-07-05T05:00:48Z,2026-04-05T23:58:25Z,main,588,1,APPROVED,yangshun
x1xhlol,system-prompts-and-models-of-ai-tools,x1xhlol/system-prompts-and-models-of-ai-tools,https://github.com/x1xhlol/system-prompts-and-models-of-ai-tools,136387,34094,137,,2025-03-05T16:38:29Z,2026-04-29T14:57:40Z,main,184,415,COMMENTED,mohammedhadeez
langchain-ai,langchain,langchain-ai/langchain,https://github.com/langchain-ai/langchain,135389,22387,554,Python,2022-10-17T02:58:36Z,2026-04-29T21:58:14Z,master,18244,35113,APPROVED,ccurme
open-webui,open-webui,open-webui/open-webui,https://github.com/open-webui/open-webui,134828,19160,315,Python,2023-10-06T22:08:27Z,2026-04-24T10:07:14Z,main,7466,24204,COMMENTED,PHclaw
labuladong,fucking-algorithm,labuladong/fucking-algorithm,https://github.com/labuladong/fucking-algorithm,133371,23634,1,Markdown,2020-02-19T09:01:23Z,2026-02-28T10:07:31Z,master,509,2611,APPROVED,labuladong
microsoft,PowerToys,microsoft/PowerToys,https://github.com/microsoft/PowerToys,132367,7911,6726,C#,2019-05-01T17:44:02Z,2026-04-29T19:21:43Z,main,7769,47140,COMMENTED,niels9001
Chalarangelo,30-seconds-of-code,Chalarangelo/30-seconds-of-code,https://github.com/Chalarangelo/30-seconds-of-code,127629,12482,1,JavaScript,2017-11-29T17:35:03Z,2026-04-21T22:12:54Z,master,1656,2153,APPROVED,Chalarangelo
krahets,hello-algo,krahets/hello-algo,https://github.com/krahets/hello-algo,125766,15089,30,Java,2022-11-04T11:08:34Z,2026-04-18T18:23:33Z,main,1260,1881,COMMENTED,krahets
NousResearch,hermes-agent,NousResearch/hermes-agent,https://github.com/NousResearch/hermes-agent,124930,18628,7169,Python,2025-07-22T22:22:28Z,2026-04-29T22:40:07Z,main,13427,17623,COMMENTED,OutThisLife
excalidraw,excalidraw,excalidraw/excalidraw,https://github.com/excalidraw/excalidraw,122220,13465,3024,TypeScript,2020-01-02T01:04:43Z,2026-04-29T21:01:03Z,master,5950,11257,COMMENTED,mtolmacs
kubernetes,kubernetes,kubernetes/kubernetes,https://github.com/kubernetes/kubernetes,121998,42944,2703,Go,2014-06-06T22:56:04Z,2026-04-29T21:13:23Z,master,88942,138659,APPROVED,jpbetz
electron,electron,electron/electron,https://github.com/electron/electron,121072,17154,852,C++,2013-04-12T01:47:36Z,2026-04-29T23:00:05Z,main,28816,51279,COMMENTED,ckerr
ripienaar,free-for-dev,ripienaar/free-for-dev,https://github.com/ripienaar/free-for-dev,121008,12626,12,HTML,2015-03-18T21:06:26Z,2026-04-29T20:27:18Z,master,4101,4271,COMMENTED,ripienaar
anthropics,claude-code,anthropics/claude-code,https://github.com/anthropics/claude-code,119212,19789,10793,Shell,2025-02-22T17:41:21Z,2026-04-29T03:29:13Z,main,962,41611,CHANGES_REQUESTED,mehmoodosman
microsoft,markitdown,microsoft/markitdown,https://github.com/microsoft/markitdown,118698,7839,647,Python,2024-11-13T19:56:40Z,2026-04-20T17:52:20Z,main,566,1731,APPROVED,ishu94627-web
nodejs,node,nodejs/node,https://github.com/nodejs/node,116974,35462,2647,JavaScript,2014-11-26T19:57:11Z,2026-04-29T17:55:57Z,main,40172,62924,COMMENTED,addaleax
justjavac,free-programming-books-zh_CN,justjavac/free-programming-books-zh_CN,https://github.com/justjavac/free-programming-books-zh_CN,116790,28308,33,,2013-11-04T01:59:19Z,2024-07-15T08:55:20Z,main,464,856,APPROVED,Aglowharmony
iptv-org,iptv,iptv-org/iptv,https://github.com/iptv-org/iptv,115622,6057,15,TypeScript,2018-11-14T22:00:57Z,2026-04-29T00:30:56Z,master,7601,37237,COMMENTED,JulioCesarXY
shadcn-ui,ui,shadcn-ui/ui,https://github.com/shadcn-ui/ui,113234,8683,1855,TypeScript,2023-01-04T12:43:27Z,2026-04-29T18:30:23Z,main,3977,2042,APPROVED,selimmh
rustdesk,rustdesk,rustdesk/rustdesk,https://github.com/rustdesk/rustdesk,113165,16977,111,Rust,2020-09-28T15:36:08Z,2026-04-29T15:11:28Z,master,5074,13540,COMMENTED,workingjubilee
firecrawl,firecrawl,firecrawl/firecrawl,https://github.com/firecrawl/firecrawl,113105,7200,298,TypeScript,2024-04-15T21:02:29Z,2026-04-29T14:59:34Z,main,2498,3459,APPROVED,mogery
d3,d3,d3/d3,https://github.com/d3/d3,112809,22751,29,Shell,2010-09-27T17:22:42Z,2025-12-02T17:48:19Z,main,1211,3844,APPROVED,mbostock
rust-lang,rust,rust-lang/rust,https://github.com/rust-lang/rust,112424,14840,12324,Rust,2010-06-16T20:39:03Z,2026-04-29T21:53:59Z,main,92825,155939,CHANGES_REQUESTED,nikomatsakis
mrdoob,three.js,mrdoob/three.js,https://github.com/mrdoob/three.js,112245,36355,515,JavaScript,2010-03-23T18:58:01Z,2026-04-29T21:29:18Z,dev,19610,33475,COMMENTED,shotamatsuda
Hack-with-Github,Awesome-Hacking,Hack-with-Github/Awesome-Hacking,https://github.com/Hack-with-Github/Awesome-Hacking,111266,10234,27,,2016-03-30T15:47:10Z,2026-04-24T14:00:36Z,master,149,205,COMMENTED,1oosedows
Comfy-Org,ComfyUI,Comfy-Org/ComfyUI,https://github.com/Comfy-Org/ComfyUI,110647,12914,4009,Python,2023-01-17T03:15:56Z,2026-04-29T20:37:54Z,master,3804,13618,COMMENTED,rattus128
godotengine,godot,godotengine/godot,https://github.com/godotengine/godot,110109,25154,18125,C++,2014-01-04T16:05:36Z,2026-04-29T17:34:12Z,master,55773,119061,APPROVED,TokageItLab
microsoft,generative-ai-for-beginners,microsoft/generative-ai-for-beginners,https://github.com/microsoft/generative-ai-for-beginners,110015,59033,0,Jupyter Notebook,2023-06-19T16:28:59Z,2026-04-26T18:42:41Z,main,793,1204,APPROVED,leestott
microsoft,TypeScript,microsoft/TypeScript,https://github.com/microsoft/TypeScript,108704,13373,5030,TypeScript,2014-06-17T15:28:39Z,2026-04-27T19:32:49Z,main,19131,62699,APPROVED,RyanCavanaugh
ggml-org,llama.cpp,ggml-org/llama.cpp,https://github.com/ggml-org/llama.cpp,107445,17570,1558,C++,2023-03-10T18:58:00Z,2026-04-29T22:42:54Z,master,11263,22273,APPROVED,pwilkin
denoland,deno,denoland/deno,https://github.com/denoland/deno,106565,6036,2335,Rust,2018-05-15T01:34:26Z,2026-04-29T19:45:00Z,main,18034,33717,CHANGES_REQUESTED,fibibot
fatedier,frp,fatedier/frp,https://github.com/fatedier/frp,106175,15032,39,Go,2015-12-21T15:24:59Z,2026-04-27T10:28:22Z,dev,1146,5260,COMMENTED,johnvox
tauri-apps,tauri,tauri-apps/tauri,https://github.com/tauri-apps/tauri,106009,3563,1409,Rust,2019-07-13T09:09:37Z,2026-04-29T18:25:19Z,dev,6459,14886,COMMENTED,FabianLars
papers-we-love,papers-we-love,papers-we-love/papers-we-love,https://github.com/papers-we-love/papers-we-love,105711,6332,2,Shell,2013-12-15T14:31:41Z,2026-03-26T09:31:12Z,main,526,840,APPROVED,DarrenN
goldbergyoni,nodebestpractices,goldbergyoni/nodebestpractices,https://github.com/goldbergyoni/nodebestpractices,105238,10729,100,Dockerfile,2017-09-15T08:33:19Z,2025-04-15T21:52:42Z,master,979,1354,APPROVED,scutuatua-crypto
facebook,create-react-app,facebook/create-react-app,https://github.com/facebook/create-react-app,103465,27077,2378,JavaScript,2016-07-17T14:55:11Z,2025-02-15T01:32:11Z,main,4374,17220,COMMENTED,Taiseer22
deepseek-ai,DeepSeek-V3,deepseek-ai/DeepSeek-V3,https://github.com/deepseek-ai/DeepSeek-V3,103298,16716,172,Python,2024-12-26T09:52:40Z,2025-08-28T03:24:37Z,main,192,969,COMMENTED,AkramJaber9
microsoft,terminal,microsoft/terminal,https://github.com/microsoft/terminal,102965,9256,1726,C++,2017-08-11T18:38:22Z,2026-04-29T22:04:18Z,main,5130,20084,APPROVED,lhecker
google-gemini,gemini-cli,google-gemini/gemini-cli,https://github.com/google-gemini/gemini-cli,102743,13401,2833,TypeScript,2025-04-17T17:04:31Z,2026-04-29T23:09:10Z,main,11179,26235,APPROVED,akh64bit
supabase,supabase,supabase/supabase,https://github.com/supabase/supabase,101620,12233,973,TypeScript,2019-10-12T05:56:49Z,2026-04-29T21:59:01Z,master,20632,45386,COMMENTED,awaseem
angular,angular,angular/angular,https://github.com/angular/angular,100054,27200,1121,TypeScript,2014-09-18T16:12:01Z,2026-04-29T23:09:20Z,main,35843,68381,CHANGES_REQUESTED,thePunderWoman
Anduin2017,HowToCook,Anduin2017/HowToCook,https://github.com/Anduin2017/HowToCook,99712,10928,472,Dockerfile,2020-02-29T10:43:49Z,2026-04-12T05:52:37Z,master,862,1592,CHANGES_REQUESTED,instpe
pytorch,pytorch,pytorch/pytorch,https://github.com/pytorch/pytorch,99532,27620,18545,Python,2016-08-13T05:26:41Z,2026-04-29T23:16:24Z,main,123021,179750,COMMENTED,khushali9
immich-app,immich,immich-app/immich,https://github.com/immich-app/immich,99251,5515,695,TypeScript,2022-02-03T15:56:27Z,2026-04-29T20:10:00Z,main,11013,28113,COMMENTED,mertalev
neovim,neovim,neovim/neovim,https://github.com/neovim/neovim,99203,6854,1932,Vim Script,2014-01-31T13:39:22Z,2026-04-29T21:37:48Z,master,23952,18161,COMMENTED,smolck
mui,material-ui,mui/material-ui,https://github.com/mui/material-ui,98253,32650,1535,JavaScript,2014-08-18T19:11:54Z,2026-04-29T22:27:33Z,master,26519,48354,COMMENTED,siriwatknp
ant-design,ant-design,ant-design/ant-design,https://github.com/ant-design/ant-design,97894,54597,1364,TypeScript,2015-04-24T15:37:24Z,2026-04-29T13:51:44Z,master,22082,57813,COMMENTED,meet-student
fastapi,fastapi,fastapi/fastapi,https://github.com/fastapi/fastapi,97762,9172,179,Python,2018-12-08T08:21:47Z,2026-04-29T12:22:44Z,master,5670,15446,COMMENTED,YuriiMotov
nvbn,thefuck,nvbn/thefuck,https://github.com/nvbn/thefuck,96750,3934,423,Python,2015-04-08T15:08:04Z,2024-07-19T14:56:13Z,master,733,1558,CHANGES_REQUESTED,loqs
microsoft,Web-Dev-For-Beginners,microsoft/Web-Dev-For-Beginners,https://github.com/microsoft/Web-Dev-For-Beginners,95697,15428,48,JavaScript,2020-11-10T02:44:00Z,2026-04-24T22:07:07Z,main,1156,1656,COMMENTED,Kumar-Gowda-D
tailwindlabs,tailwindcss,tailwindlabs/tailwindcss,https://github.com/tailwindlabs/tailwindcss,94803,5212,95,TypeScript,2017-10-06T14:59:14Z,2026-04-29T20:17:00Z,main,4245,19707,COMMENTED,silverwind
puppeteer,puppeteer,puppeteer/puppeteer,https://github.com/puppeteer/puppeteer,94218,9409,304,TypeScript,2017-05-09T22:16:13Z,2026-04-29T15:21:01Z,main,7381,14911,CHANGES_REQUESTED,OrKoN
iluwatar,java-design-patterns,iluwatar/java-design-patterns,https://github.com/iluwatar/java-design-patterns,93954,27374,225,Java,2014-08-09T16:45:18Z,2026-03-20T21:23:33Z,master,2413,3466,COMMENTED,Sagar-S-R
florinpop17,app-ideas,florinpop17/app-ideas,https://github.com/florinpop17/app-ideas,93541,10412,605,,2019-02-25T18:36:56Z,2025-10-11T14:51:21Z,master,852,1117,COMMENTED,AnantAgrawal29
nvm-sh,nvm,nvm-sh/nvm,https://github.com/nvm-sh/nvm,93146,10137,378,Shell,2010-04-15T17:47:47Z,2026-04-24T18:05:27Z,master,1204,549,COMMENTED,nvt261991-sys
github,spec-kit,github/spec-kit,https://github.com/github/spec-kit,91757,7945,648,Python,2025-08-21T22:54:31Z,2026-04-29T22:05:09Z,main,952,2402,CHANGES_REQUESTED,mnriem
rasbt,LLMs-from-scratch,rasbt/LLMs-from-scratch,https://github.com/rasbt/LLMs-from-scratch,91719,14129,5,Jupyter Notebook,2023-07-23T18:15:57Z,2026-04-16T18:23:37Z,main,567,1014,CHANGES_REQUESTED,monikabielak12-lgtm
browser-use,browser-use,browser-use/browser-use,https://github.com/browser-use/browser-use,91213,10389,239,Python,2024-10-31T16:00:56Z,2026-04-26T16:59:07Z,main,2910,4743,COMMENTED,breezeFur
storybookjs,storybook,storybookjs/storybook,https://github.com/storybookjs/storybook,89822,10037,2257,TypeScript,2016-03-18T04:23:44Z,2026-04-29T20:09:12Z,next,15788,34654,APPROVED,Sidnioulz
oven-sh,bun,oven-sh/bun,https://github.com/oven-sh/bun,89445,4370,6666,Zig,2021-04-14T00:48:17Z,2026-04-29T22:57:46Z,main,12407,29947,COMMENTED,robobun
bitcoin,bitcoin,bitcoin/bitcoin,https://github.com/bitcoin/bitcoin,88962,38938,695,C++,2010-12-19T15:16:43Z,2026-04-29T22:53:20Z,master,24218,31132,CHANGES_REQUESTED,l0rinc
msitarzewski,agency-agents,msitarzewski/agency-agents,https://github.com/msitarzewski/agency-agents,88899,14377,117,Shell,2025-10-13T12:12:29Z,2026-04-12T04:25:59Z,main,320,492,COMMENTED,amjad2161
gin-gonic,gin,gin-gonic/gin,https://github.com/gin-gonic/gin,88405,8589,681,Go,2014-06-16T23:57:25Z,2026-04-22T22:32:49Z,master,2168,4203,COMMENTED,takanuva15
gohugoio,hugo,gohugoio/hugo,https://github.com/gohugoio/hugo,87822,8252,243,Go,2013-07-04T15:26:26Z,2026-04-29T14:39:12Z,master,6324,14659,COMMENTED,bep
mermaid-js,mermaid,mermaid-js/mermaid,https://github.com/mermaid-js/mermaid,87728,8920,1659,TypeScript,2014-11-01T23:52:32Z,2026-04-29T05:13:12Z,develop,3515,7542,CHANGES_REQUESTED,ashishjain0512
microsoft,playwright,microsoft/playwright,https://github.com/microsoft/playwright,87644,5599,502,TypeScript,2019-11-15T18:32:42Z,2026-04-29T22:32:33Z,main,19462,40388,COMMENTED,dgozman
django,django,django/django,https://github.com/django/django,87352,33854,428,Python,2012-04-28T02:47:18Z,2026-04-29T20:42:29Z,main,21059,21042,COMMENTED,erosselli
opencv,opencv,opencv/opencv,https://github.com/opencv/opencv,87290,56544,2729,C++,2012-07-19T09:40:17Z,2026-04-29T08:45:02Z,4.x,17106,28905,APPROVED,dkurt
home-assistant,core,home-assistant/core,https://github.com/home-assistant/core,86865,37388,3708,Python,2013-09-17T07:29:48Z,2026-04-29T21:50:38Z,dev,98800,169325,CHANGES_REQUESTED,balloob
sveltejs,svelte,sveltejs/svelte,https://github.com/sveltejs/svelte,86444,4900,995,JavaScript,2016-11-20T18:13:05Z,2026-04-29T23:13:42Z,main,8117,18151,COMMENTED,Conduitry
3b1b,manim,3b1b/manim,https://github.com/3b1b/manim,86403,7247,488,Python,2015-03-22T18:50:58Z,2026-04-18T13:59:18Z,master,930,2454,APPROVED,TonyCrane
louislam,uptime-kuma,louislam/uptime-kuma,https://github.com/louislam/uptime-kuma,86050,7746,730,JavaScript,2021-07-03T01:02:42Z,2026-04-29T00:19:55Z,master,2485,7303,COMMENTED,CommanderStorm
modelcontextprotocol,servers,modelcontextprotocol/servers,https://github.com/modelcontextprotocol/servers,84781,10537,394,TypeScript,2024-11-19T01:10:17Z,2026-04-17T22:59:54Z,main,2973,3659,APPROVED,cliffhall
astral-sh,uv,astral-sh/uv,https://github.com/astral-sh/uv,84156,3010,2710,Rust,2023-10-02T20:24:11Z,2026-04-29T21:23:08Z,main,10271,8190,COMMENTED,EliteTK
syncthing,syncthing,syncthing/syncthing,https://github.com/syncthing/syncthing,83303,5134,384,Go,2013-11-26T09:48:21Z,2026-04-29T10:06:12Z,main,4682,10669,COMMENTED,acolomb
sherlock-project,sherlock,sherlock-project/sherlock,https://github.com/sherlock-project/sherlock,82704,9638,275,Python,2018-12-24T14:30:48Z,2026-04-29T06:05:29Z,master,1505,2623,CHANGES_REQUESTED,ppfeister
DopplerHQ,awesome-interview-questions,DopplerHQ/awesome-interview-questions,https://github.com/DopplerHQ/awesome-interview-questions,82234,9476,48,,2015-11-28T09:48:17Z,2024-07-29T14:21:23Z,master,232,315,APPROVED,Abdulraziq1
bregman-arie,devops-exercises,bregman-arie/devops-exercises,https://github.com/bregman-arie/devops-exercises,82180,19308,45,Python,2019-10-03T17:31:21Z,2025-12-27T14:22:30Z,master,435,10648,COMMENTED,andrzejsydor
tonsky,FiraCode,tonsky/FiraCode,https://github.com/tonsky/FiraCode,81518,3183,426,Clojure,2014-11-11T19:32:38Z,2026-04-13T22:52:26Z,master,207,1175,APPROVED,fizietechD
spring-projects,spring-boot,spring-projects/spring-boot,https://github.com/spring-projects/spring-boot,80529,41897,474,Java,2012-10-19T15:02:57Z,2026-04-29T11:25:59Z,main,7499,50253,COMMENTED,hosea
zed-industries,zed,zed-industries/zed,https://github.com/zed-industries/zed,80366,8082,2856,Rust,2021-02-20T03:01:06Z,2026-04-29T17:21:23Z,main,28078,54620,CHANGES_REQUESTED,probably-neb
vitejs,vite,vitejs/vite,https://github.com/vitejs/vite,80302,8111,731,TypeScript,2020-04-21T05:03:57Z,2026-04-29T13:48:41Z,main,8288,22347,APPROVED,bluwy
localsend,localsend,localsend/localsend,https://github.com/localsend/localsend,80025,4272,938,Dart,2022-12-16T00:46:07Z,2026-04-06T15:16:42Z,main,859,3037,APPROVED,Heroine77
junegunn,fzf,junegunn/fzf,https://github.com/junegunn/fzf,79891,2795,314,Go,2013-10-23T16:04:23Z,2026-04-27T17:02:22Z,master,1169,4630,COMMENTED,sim590
infiniflow,ragflow,infiniflow/ragflow,https://github.com/infiniflow/ragflow,79263,8981,3001,Python,2023-12-12T06:13:13Z,2026-04-29T14:10:25Z,main,6877,13793,COMMENTED,xugangqiang
anuraghazra,github-readme-stats,anuraghazra/github-readme-stats,https://github.com/anuraghazra/github-readme-stats,79198,32677,279,JavaScript,2020-07-09T10:34:22Z,2026-03-31T00:50:07Z,master,2961,4834,APPROVED,Shion1305
hoppscotch,hoppscotch,hoppscotch/hoppscotch,https://github.com/hoppscotch/hoppscotch,79064,5841,777,TypeScript,2019-08-21T13:15:24Z,2026-04-29T11:41:39Z,main,3255,6236,COMMENTED,AaronFortG
doocs,advanced-java,doocs/advanced-java,https://github.com/doocs/advanced-java,78961,19234,0,Java,2018-10-06T11:38:30Z,2026-04-17T09:01:33Z,main,137,338,APPROVED,yanglbme
openai,codex,openai/codex,https://github.com/openai/codex,78900,11285,3361,Rust,2025-04-13T05:37:54Z,2026-04-29T23:16:57Z,main,8546,20278,APPROVED,xli-oai
netdata,netdata,netdata/netdata,https://github.com/netdata/netdata,78649,6422,304,C,2013-06-17T18:39:10Z,2026-04-29T22:30:16Z,master,13473,21902,APPROVED,Ferroin
vllm-project,vllm,vllm-project/vllm,https://github.com/vllm-project/vllm,78613,16257,4653,Python,2023-02-09T11:23:20Z,2026-04-29T23:16:40Z,main,25447,41015,COMMENTED,gau-nernst
Stirling-Tools,Stirling-PDF,Stirling-Tools/Stirling-PDF,https://github.com/Stirling-Tools/Stirling-PDF,77988,6821,415,TypeScript,2023-01-27T18:22:42Z,2026-04-29T14:49:14Z,main,4264,6062,APPROVED,Frooodle
karpathy,autoresearch,karpathy/autoresearch,https://github.com/karpathy/autoresearch,77873,11359,181,Python,2026-03-06T22:00:43Z,2026-03-26T00:07:37Z,master,338,500,COMMENTED,svlandeg
tensorflow,models,tensorflow/models,https://github.com/tensorflow/models,77666,45114,1286,Python,2016-02-05T01:15:20Z,2026-04-29T15:30:42Z,master,3884,11239,APPROVED,mihaimaruseac
nomic-ai,gpt4all,nomic-ai/gpt4all,https://github.com/nomic-ai/gpt4all,77374,8334,759,C++,2023-03-27T18:49:32Z,2025-05-27T20:05:19Z,main,1194,2404,CHANGES_REQUESTED,cebtenzzre
coder,code-server,coder/code-server,https://github.com/coder/code-server,77329,6638,142,TypeScript,2019-02-27T16:50:41Z,2026-04-27T17:59:20Z,main,2157,7768,COMMENTED,benz0li
jesseduffield,lazygit,jesseduffield/lazygit,https://github.com/jesseduffield/lazygit,77225,2797,953,Go,2018-05-19T00:53:06Z,2026-04-29T00:15:06Z,master,2389,5536,COMMENTED,stefanhaller
PaddlePaddle,PaddleOCR,PaddlePaddle/PaddleOCR,https://github.com/PaddlePaddle/PaddleOCR,76841,10341,226,Python,2020-05-08T10:38:16Z,2026-04-28T03:51:17Z,main,3951,17931,COMMENTED,Bobholamovic
elastic,elasticsearch,elastic/elasticsearch,https://github.com/elastic/elasticsearch,76611,25872,5690,Java,2010-02-08T13:20:56Z,2026-04-29T23:01:53Z,main,103152,147791,APPROVED,DiannaHohensee
FortAwesome,Font-Awesome,FortAwesome/Font-Awesome,https://github.com/FortAwesome/Font-Awesome,76524,12216,324,JavaScript,2012-02-17T14:19:43Z,2026-02-10T18:21:21Z,7.x,709,20881,COMMENTED,codeCraft-Ritik
nestjs,nest,nestjs/nest,https://github.com/nestjs/nest,75337,8294,39,TypeScript,2017-02-04T20:12:52Z,2026-04-29T22:52:41Z,master,10656,16325,APPROVED,Hardanish-Singh
awesomedata,awesome-public-datasets,awesomedata/awesome-public-datasets,https://github.com/awesomedata/awesome-public-datasets,74703,11358,148,,2014-11-20T06:20:50Z,2026-04-28T15:41:46Z,master,364,382,APPROVED,yasir-star
unionlabs,union,unionlabs/union,https://github.com/unionlabs/union,74114,3895,189,Rust,2023-05-16T22:33:39Z,2026-04-29T12:53:04Z,main,3501,5451,APPROVED,hussein-aitlahcen
redis,redis,redis/redis,https://github.com/redis/redis,74063,24596,2839,C,2009-03-21T22:32:25Z,2026-04-29T14:04:06Z,unstable,7735,14934,COMMENTED,sundb
tesseract-ocr,tesseract,tesseract-ocr/tesseract,https://github.com/tesseract-ocr/tesseract,73810,10612,475,C++,2014-08-12T18:04:59Z,2026-04-27T05:53:42Z,main,1721,4534,APPROVED,amitdo
grafana,grafana,grafana/grafana,https://github.com/grafana/grafana,73501,13816,3827,TypeScript,2013-12-11T15:59:56Z,2026-04-29T23:10:05Z,main,76847,123773,COMMENTED,pstibrany
openai,openai-cookbook,openai/openai-cookbook,https://github.com/openai/openai-cookbook,73108,12338,144,Jupyter Notebook,2022-03-11T02:08:53Z,2026-04-29T03:44:29Z,main,1627,2651,APPROVED,danial-openai
twitter,the-algorithm,twitter/the-algorithm,https://github.com/twitter/the-algorithm,73081,13261,509,Scala,2023-03-27T14:57:57Z,2025-09-08T18:40:54Z,main,571,1674,COMMENTED,MJHC
CompVis,stable-diffusion,CompVis/stable-diffusion,https://github.com/CompVis/stable-diffusion,72955,10610,614,Jupyter Notebook,2022-08-10T14:36:44Z,2024-06-18T01:53:49Z,main,160,36,COMMENTED,patrickvonplaten
apache,superset,apache/superset,https://github.com/apache/superset,72644,17155,1243,TypeScript,2015-07-21T18:55:34Z,2026-04-29T22:06:19Z,master,22723,39727,COMMENTED,aminghadersohi
PKUFlyingPig,cs-self-learning,PKUFlyingPig/cs-self-learning,https://github.com/PKUFlyingPig/cs-self-learning,72564,7881,145,HTML,2021-10-20T13:43:42Z,2026-02-24T14:45:49Z,master,395,572,COMMENTED,PKUFlyingPig
python,cpython,python/cpython,https://github.com/python/cpython,72516,34512,9424,Python,2017-02-10T19:23:51Z,2026-04-29T15:33:06Z,main,70596,149076,CHANGES_REQUESTED,markshannon
abi,screenshot-to-code,abi/screenshot-to-code,https://github.com/abi/screenshot-to-code,72407,8925,121,TypeScript,2023-11-14T17:53:32Z,2026-04-08T17:24:21Z,main,172,193,APPROVED,Elishiaaaaaa
daytonaio,daytona,daytonaio/daytona,https://github.com/daytonaio/daytona,72398,5539,377,TypeScript,2024-02-06T08:21:20Z,2026-04-29T22:50:27Z,main,3413,4598,APPROVED,Tpuljak
OpenHands,OpenHands,OpenHands/OpenHands,https://github.com/OpenHands/OpenHands,72369,9144,397,Python,2024-03-13T03:33:31Z,2026-04-29T23:30:15Z,main,9901,14189,COMMENTED,all-hands-bot
josephmisiti,awesome-machine-learning,josephmisiti/awesome-machine-learning,https://github.com/josephmisiti/awesome-machine-learning,72351,15429,0,Python,2014-07-15T19:11:19Z,2026-04-26T15:32:15Z,master,1057,1291,COMMENTED,ariannamethod
nextlevelbuilder,ui-ux-pro-max-skill,nextlevelbuilder/ui-ux-pro-max-skill,https://github.com/nextlevelbuilder/ui-ux-pro-max-skill,72280,7447,136,Python,2025-11-30T11:36:31Z,2026-04-03T05:08:19Z,main,168,179,APPROVED,musay4632
strapi,strapi,strapi/strapi,https://github.com/strapi/strapi,72034,9680,761,TypeScript,2015-09-30T15:34:48Z,2026-04-29T19:10:07Z,develop,12822,25221,APPROVED,mathildeleg
obsproject,obs-studio,obsproject/obs-studio,https://github.com/obsproject/obs-studio,72032,9196,1094,C,2013-10-01T02:40:31Z,2026-04-22T01:06:02Z,master,7778,13339,COMMENTED,Warchamp7
caddyserver,caddy,caddyserver/caddy,https://github.com/caddyserver/caddy,71933,4704,238,Go,2015-01-13T19:45:03Z,2026-04-29T11:52:05Z,master,2876,7676,APPROVED,steadytao
moby,moby,moby/moby,https://github.com/moby/moby,71515,18924,3806,Go,2013-01-18T18:10:57Z,2026-04-29T19:38:32Z,master,28115,52236,COMMENTED,corhere
protocolbuffers,protobuf,protocolbuffers/protobuf,https://github.com/protocolbuffers/protobuf,71173,16114,287,C++,2014-08-26T15:52:15Z,2026-04-29T23:30:09Z,main,19967,24824,COMMENTED,mkruskal-google
hakimel,reveal.js,hakimel/reveal.js,https://github.com/hakimel/reveal.js,71094,16805,895,JavaScript,2011-06-07T18:54:22Z,2026-04-20T12:17:17Z,master,1137,3797,APPROVED,linzhxin
hiyouga,LlamaFactory,hiyouga/LlamaFactory,https://github.com/hiyouga/LlamaFactory,70769,8643,996,Python,2023-05-28T10:09:12Z,2026-04-29T15:21:13Z,main,1293,10430,APPROVED,Kuangdd01
binhnguyennus,awesome-scalability,binhnguyennus/awesome-scalability,https://github.com/binhnguyennus/awesome-scalability,70703,6978,21,,2017-12-27T03:46:40Z,2026-01-04T03:51:47Z,master,105,115,APPROVED,bjsurya10997-sys
AppFlowy-IO,AppFlowy,AppFlowy-IO/AppFlowy,https://github.com/AppFlowy-IO/AppFlowy,70122,5174,966,Dart,2021-06-16T12:56:48Z,2026-04-24T09:48:29Z,main,4489,8669,COMMENTED,Eltrix-Dot
nektos,act,nektos/act,https://github.com/nektos/act,70089,1919,322,Go,2019-01-02T19:53:43Z,2026-04-17T22:40:32Z,master,1389,6055,APPROVED,panekj
swiftlang,swift,swiftlang/swift,https://github.com/swiftlang/swift,69945,10709,8905,Swift,2015-10-23T21:15:07Z,2026-04-29T23:22:55Z,main,67117,87869,COMMENTED,rintaro
expressjs,express,expressjs/express,https://github.com/expressjs/express,68975,23204,209,JavaScript,2009-06-26T18:56:01Z,2026-04-23T17:50:10Z,master,2449,7038,COMMENTED,tommyhgunz14
Z4nzu,hackingtool,Z4nzu/hackingtool,https://github.com/Z4nzu/hackingtool,68661,7723,85,Python,2020-04-11T09:21:31Z,2026-03-15T14:33:08Z,master,154,684,CHANGES_REQUESTED,ga3363367ag-cyber
base,node,base/node,https://github.com/base/node,68597,3229,11,Go,2023-02-01T13:55:02Z,2026-04-29T13:37:30Z,main,463,1035,APPROVED,niran
ansible,ansible,ansible/ansible,https://github.com/ansible/ansible,68439,24155,796,Python,2012-03-06T14:58:02Z,2026-04-28T19:53:31Z,devel,53055,86919,COMMENTED,bcoca
prakhar1989,awesome-courses,prakhar1989/awesome-courses,https://github.com/prakhar1989/awesome-courses,68072,8361,60,,2014-11-15T18:36:49Z,2023-05-04T12:49:34Z,master,257,361,CHANGES_REQUESTED,promisejaz006-glitch
NationalSecurityAgency,ghidra,NationalSecurityAgency/ghidra,https://github.com/NationalSecurityAgency/ghidra,67848,7444,1869,Java,2019-03-01T03:27:48Z,2026-04-28T10:44:49Z,master,1696,8971,CHANGES_REQUESTED,ryanmkurtz
toeverything,AFFiNE,toeverything/AFFiNE,https://github.com/toeverything/AFFiNE,67840,4794,605,TypeScript,2022-07-31T18:45:21Z,2026-04-29T18:43:53Z,canary,10286,14885,COMMENTED,001-mak
chrislgarry,Apollo-11,chrislgarry/Apollo-11,https://github.com/chrislgarry/Apollo-11,67684,7677,130,Assembly,2014-04-03T15:45:02Z,2026-01-22T06:10:28Z,master,546,972,COMMENTED,afurm
juliangarnier,anime,juliangarnier/anime,https://github.com/juliangarnier/anime,67581,4535,100,JavaScript,2016-03-13T21:37:45Z,2026-04-29T16:23:46Z,master,204,1152,COMMENTED,juliangarnier
chartjs,Chart.js,chartjs/Chart.js,https://github.com/chartjs/Chart.js,67394,11953,555,JavaScript,2013-03-17T23:56:36Z,2026-04-16T11:49:43Z,master,3942,12238,DISMISSED,etimberg
OpenBB-finance,OpenBB,OpenBB-finance/OpenBB,https://github.com/OpenBB-finance/OpenBB,66736,6668,75,Python,2020-12-20T10:46:38Z,2026-04-29T23:22:31Z,develop,4906,7264,COMMENTED,deeleeramone
labmlai,annotated_deep_learning_paper_implementations,labmlai/annotated_deep_learning_paper_implementations,https://github.com/labmlai/annotated_deep_learning_paper_implementations,66461,6702,30,Python,2020-08-25T02:29:34Z,2026-01-22T04:26:00Z,master,130,265,APPROVED,SebFlatBeat
apache,echarts,apache/echarts,https://github.com/apache/echarts,66249,19815,1687,TypeScript,2013-04-03T03:18:59Z,2026-04-29T20:33:59Z,master,2145,21588,COMMENTED,Justin-ZS
scikit-learn,scikit-learn,scikit-learn/scikit-learn,https://github.com/scikit-learn/scikit-learn,65949,26982,2062,Python,2010-08-17T09:43:38Z,2026-04-29T14:56:41Z,main,20606,33322,COMMENTED,StefanieSenger
webpack,webpack,webpack/webpack,https://github.com/webpack/webpack,65778,9358,204,JavaScript,2012-03-10T10:08:14Z,2026-04-29T19:10:36Z,main,8469,20888,COMMENTED,alexander-akait
sindresorhus,awesome-nodejs,sindresorhus/awesome-nodejs,https://github.com/sindresorhus/awesome-nodejs,65557,6216,26,,2014-07-11T13:35:34Z,2026-04-02T16:28:42Z,main,1187,1359,APPROVED,Aligod2000
TheAlgorithms,Java,TheAlgorithms/Java,https://github.com/TheAlgorithms/Java,65498,21095,32,Java,2016-07-16T10:21:02Z,2026-04-27T18:42:34Z,master,5813,7368,COMMENTED,YERRA-CHARAN
lydiahallie,javascript-questions,lydiahallie/javascript-questions,https://github.com/lydiahallie/javascript-questions,65315,9223,50,,2019-06-12T08:26:27Z,2024-08-04T16:08:40Z,master,544,836,APPROVED,iravinandan
kelseyhightower,nocode,kelseyhightower/nocode,https://github.com/kelseyhightower/nocode,65231,4822,4709,Dockerfile,2018-02-06T23:54:00Z,2024-08-07T03:19:12Z,master,673,5027,APPROVED,itsAtharv37
kdn251,interviews,kdn251/interviews,https://github.com/kdn251/interviews,64944,12907,118,Java,2017-02-14T18:19:25Z,2025-05-12T12:56:04Z,master,177,233,COMMENTED,ankitraj20616
localstack,localstack,localstack/localstack,https://github.com/localstack/localstack,64885,4701,0,Python,2016-10-25T23:48:03Z,2026-03-23T08:52:01Z,main,1796,13901,APPROVED,alexrashed
bytedance,deer-flow,bytedance/deer-flow,https://github.com/bytedance/deer-flow,64253,8429,805,Python,2025-05-07T02:50:19Z,2026-04-29T22:41:54Z,main,1454,2656,APPROVED,WillemJiang
keras-team,keras,keras-team/keras,https://github.com/keras-team/keras,64047,19761,247,Python,2015-03-28T00:35:42Z,2026-04-29T22:44:48Z,master,9235,22797,COMMENTED,pctablet505
gorhill,uBlock,gorhill/uBlock,https://github.com/gorhill/uBlock,64025,4073,17,JavaScript,2015-04-01T17:51:11Z,2026-04-29T18:36:29Z,master,385,3865,APPROVED,AminKaraniDSU
prometheus,prometheus,prometheus/prometheus,https://github.com/prometheus/prometheus,63842,10370,760,Go,2012-11-24T11:14:12Z,2026-04-29T15:31:08Z,main,11183,18289,CHANGES_REQUESTED,beorn7
alacritty,alacritty,alacritty/alacritty,https://github.com/alacritty/alacritty,63752,3435,337,Rust,2016-02-18T05:02:30Z,2026-04-28T01:21:51Z,master,2563,8934,CHANGES_REQUESTED,chrisduerr
pathwaycom,pathway,pathwaycom/pathway,https://github.com/pathwaycom/pathway,63378,1632,34,Python,2022-11-27T13:01:14Z,2026-04-29T05:24:53Z,main,51,209,COMMENTED,szymondudycz
unslothai,unsloth,unslothai/unsloth,https://github.com/unslothai/unsloth,63281,5537,1183,Python,2023-11-29T16:50:09Z,2026-04-29T11:15:35Z,main,1745,4443,COMMENTED,TimPietrusky
socketio,socket.io,socketio/socket.io,https://github.com/socketio/socket.io,63056,10146,206,TypeScript,2010-03-11T18:24:48Z,2026-04-27T11:35:34Z,main,908,4787,COMMENTED,codeCraft-Ritik
traefik,traefik,traefik/traefik,https://github.com/traefik/traefik,62924,5948,785,Go,2015-09-13T19:04:02Z,2026-04-29T14:45:05Z,master,6257,13074,APPROVED,juliens
nocodb,nocodb,nocodb/nocodb,https://github.com/nocodb/nocodb,62878,4751,692,TypeScript,2017-10-29T18:51:48Z,2026-04-29T18:45:59Z,develop,7241,13747,APPROVED,pranavxc
resume,resume.github.com,resume/resume.github.com,https://github.com/resume/resume.github.com,62832,1369,72,JavaScript,2011-02-06T13:39:55Z,2023-02-15T06:38:51Z,master,185,317,COMMENTED,Alistar36972888
ryanoasis,nerd-fonts,ryanoasis/nerd-fonts,https://github.com/ryanoasis/nerd-fonts,62762,3904,73,CSS,2014-12-05T04:31:17Z,2026-03-17T19:17:14Z,master,673,1965,COMMENTED,Finii
rust-lang,rustlings,rust-lang/rustlings,https://github.com/rust-lang/rustlings,62653,11181,78,Rust,2015-09-15T02:25:18Z,2026-04-25T12:14:15Z,main,1574,2382,CHANGES_REQUESTED,mo8it
LadybirdBrowser,ladybird,LadybirdBrowser/ladybird,https://github.com/LadybirdBrowser/ladybird,62604,2963,674,C++,2024-05-30T09:18:10Z,2026-04-29T22:25:35Z,master,7576,9170,COMMENTED,Calme1709
tldr-pages,tldr,tldr-pages/tldr,https://github.com/tldr-pages/tldr,62300,5206,281,Markdown,2013-12-08T07:34:43Z,2026-04-29T22:14:24Z,main,20275,22271,APPROVED,Managor
FuelLabs,sway,FuelLabs/sway,https://github.com/FuelLabs/sway,61736,5422,898,Rust,2021-01-19T20:54:33Z,2026-04-29T23:27:38Z,master,4178,7608,COMMENTED,ironcev
scrapy,scrapy,scrapy/scrapy,https://github.com/scrapy/scrapy,61496,11510,633,Python,2010-02-22T02:01:14Z,2026-04-29T21:07:56Z,master,4095,7472,APPROVED,wRAR
reduxjs,redux,reduxjs/redux,https://github.com/reduxjs/redux,61446,15078,42,TypeScript,2015-05-29T23:53:15Z,2026-04-23T16:09:25Z,master,2600,4864,APPROVED,aryaemami59
lodash,lodash,lodash/lodash,https://github.com/lodash/lodash,61263,7153,141,JavaScript,2012-04-07T04:11:46Z,2026-04-22T18:47:42Z,main,1576,6207,CHANGES_REQUESTED,ljharb
youngyangyang04,leetcode-master,youngyangyang04/leetcode-master,https://github.com/youngyangyang04/leetcode-master,61252,12326,248,Shell,2019-12-14T12:05:42Z,2026-03-11T02:52:47Z,master,2708,2994,COMMENTED,Dalbergiaman
cline,cline,cline/cline,https://github.com/cline/cline,61176,6320,747,TypeScript,2024-07-06T07:28:10Z,2026-04-29T22:48:44Z,main,5233,10350,APPROVED,dominiccooney
atom,atom,atom/atom,https://github.com/atom/atom,60833,17233,994,JavaScript,2012-01-20T18:18:21Z,2023-01-03T10:49:48Z,master,5237,18464,APPROVED,Artuto
minio,minio,minio/minio,https://github.com/minio/minio,60828,7442,81,Go,2015-01-14T19:23:58Z,2026-04-24T17:54:39Z,master,10184,21659,APPROVED,shtripat
h5bp,Front-end-Developer-Interview-Questions,h5bp/Front-end-Developer-Interview-Questions,https://github.com/h5bp/Front-end-Developer-Interview-Questions,60825,11042,57,Nunjucks,2012-02-09T23:34:10Z,2026-04-22T21:18:51Z,main,725,918,APPROVED,coliff
commaai,openpilot,commaai/openpilot,https://github.com/commaai/openpilot,60753,10864,157,Python,2016-11-24T01:33:30Z,2026-04-29T23:32:25Z,master,17295,37930,COMMENTED,adeebshihadeh
git,git,git/git,https://github.com/git/git,60666,27855,373,C,2008-07-23T14:21:26Z,2026-04-28T05:49:49Z,master,1869,2256,COMMENTED,ahmedoosh
paperclipai,paperclip,paperclipai/paperclip,https://github.com/paperclipai/paperclip,60647,10639,2944,TypeScript,2026-03-02T15:01:51Z,2026-04-29T23:32:51Z,master,3191,3944,COMMENTED,alvarosanchez
nuxt,nuxt,nuxt/nuxt,https://github.com/nuxt/nuxt,60133,5588,893,TypeScript,2016-10-26T11:18:47Z,2026-04-29T22:32:04Z,main,9162,34559,APPROVED,danielroe
topjohnwu,Magisk,topjohnwu/Magisk,https://github.com/topjohnwu/Magisk,60126,17313,56,Kotlin,2016-09-08T12:42:53Z,2026-04-23T13:20:41Z,master,2949,9830,COMMENTED,kousu
microsoft,ai-agents-for-beginners,microsoft/ai-agents-for-beginners,https://github.com/microsoft/ai-agents-for-beginners,60099,20364,5,Jupyter Notebook,2024-11-28T10:42:52Z,2026-04-26T18:19:02Z,main,430,533,COMMENTED,tomjwxf
spring-projects,spring-framework,spring-projects/spring-framework,https://github.com/spring-projects/spring-framework,59881,38841,391,Java,2010-12-08T04:04:45Z,2026-04-29T20:09:38Z,main,5696,36719,COMMENTED,DhruvTheDev1
pathwaycom,llm-app,pathwaycom/llm-app,https://github.com/pathwaycom/llm-app,59880,1434,10,Jupyter Notebook,2023-07-19T08:43:37Z,2026-01-07T11:59:38Z,main,69,48,APPROVED,KamilPiechowiak
jquery,jquery,jquery/jquery,https://github.com/jquery/jquery,59838,20453,89,JavaScript,2009-04-03T15:20:14Z,2026-04-21T20:35:10Z,main,3180,4405,COMMENTED,mgol
Solido,awesome-flutter,Solido/awesome-flutter,https://github.com/Solido/awesome-flutter,59813,6869,22,Dart,2017-05-07T11:45:27Z,2026-04-21T19:06:09Z,master,977,999,APPROVED,anandfresh
CorentinJ,Real-Time-Voice-Cloning,CorentinJ/Real-Time-Voice-Cloning,https://github.com/CorentinJ/Real-Time-Voice-Cloning,59650,9403,170,Python,2019-05-26T08:56:15Z,2026-03-09T10:31:58Z,master,113,1102,APPROVED,CamoCatX
PlexPt,awesome-chatgpt-prompts-zh,PlexPt/awesome-chatgpt-prompts-zh,https://github.com/PlexPt/awesome-chatgpt-prompts-zh,59508,13561,44,,2022-12-12T01:55:03Z,2026-04-28T10:52:14Z,main,60,531,COMMENTED,facelessinfluential
dani-garcia,vaultwarden,dani-garcia/vaultwarden,https://github.com/dani-garcia/vaultwarden,59487,2745,47,Rust,2018-02-17T22:40:20Z,2026-04-29T20:59:18Z,main,1377,7057,CHANGES_REQUESTED,BlackDex
meta-llama,llama,meta-llama/llama,https://github.com/meta-llama/llama,59376,9818,522,Python,2023-02-14T09:29:12Z,2025-01-26T21:42:26Z,main,211,1425,COMMENTED,afurm
shadowsocks,shadowsocks-windows,shadowsocks/shadowsocks-windows,https://github.com/shadowsocks/shadowsocks-windows,59337,16239,200,C#,2013-01-14T07:54:16Z,2025-01-01T08:09:55Z,v4,474,3534,APPROVED,lev4ikysss
usememos,memos,usememos/memos,https://github.com/usememos/memos,59284,4315,23,Go,2021-12-08T15:30:18Z,2026-04-29T15:24:37Z,main,2395,5903,APPROVED,boojack
Mintplex-Labs,anything-llm,Mintplex-Labs/anything-llm,https://github.com/Mintplex-Labs/anything-llm,59251,6397,343,JavaScript,2023-06-04T02:29:14Z,2026-04-29T23:27:57Z,master,1913,5528,CHANGES_REQUESTED,angelplusultra
withastro,astro,withastro/astro,https://github.com/withastro/astro,58849,3392,312,TypeScript,2021-03-15T17:19:47Z,2026-04-29T22:28:37Z,main,9914,16519,COMMENTED,ArmandPhilippot
docling-project,docling,docling-project/docling,https://github.com/docling-project/docling,58799,4031,882,Python,2024-07-09T07:50:26Z,2026-04-29T16:37:33Z,main,1148,3333,COMMENTED,dolfim-ibm
gsd-build,get-shit-done,gsd-build/get-shit-done,https://github.com/gsd-build/get-shit-done,58745,4977,26,JavaScript,2025-12-14T14:17:12Z,2026-04-29T21:57:12Z,main,1399,2863,APPROVED,trek-e
FiloSottile,mkcert,FiloSottile/mkcert,https://github.com/FiloSottile/mkcert,58715,3090,167,Go,2018-06-25T05:33:03Z,2024-08-13T13:37:46Z,master,177,640,APPROVED,qwertyVoids
angular,angular.js,angular/angular.js,https://github.com/angular/angular.js,58691,27152,461,JavaScript,2010-01-06T00:34:37Z,2024-04-12T17:43:16Z,master,8000,17187,APPROVED,josephperrott
sharkdp,bat,sharkdp/bat,https://github.com/sharkdp/bat,58618,1541,348,Rust,2018-04-21T10:52:23Z,2026-04-28T20:24:00Z,master,1969,3691,APPROVED,keith-hall
rails,rails,rails/rails,https://github.com/rails/rails,58393,22211,1589,Ruby,2008-04-11T02:19:47Z,2026-04-28T23:50:05Z,main,38092,55061,COMMENTED,OughtPuts
pi-hole,pi-hole,pi-hole/pi-hole,https://github.com/pi-hole/pi-hole,57935,3106,49,Shell,2014-06-08T15:02:55Z,2026-04-28T19:30:11Z,master,2947,6622,APPROVED,dschaper
pmndrs,zustand,pmndrs/zustand,https://github.com/pmndrs/zustand,57896,2047,7,TypeScript,2019-04-09T09:10:06Z,2026-04-28T22:39:46Z,main,1160,3477,APPROVED,dbritto-dev
virattt,ai-hedge-fund,virattt/ai-hedge-fund,https://github.com/virattt/ai-hedge-fund,57634,10052,118,Python,2024-11-29T16:30:01Z,2026-04-27T12:53:46Z,main,325,602,APPROVED,virattt
microsoft,autogen,microsoft/autogen,https://github.com/microsoft/autogen,57581,8680,793,Python,2023-08-18T11:43:45Z,2026-04-15T11:59:09Z,main,3491,1540,APPROVED,sonichi
h5bp,html5-boilerplate,h5bp/html5-boilerplate,https://github.com/h5bp/html5-boilerplate,57436,12312,29,JavaScript,2010-01-24T18:03:24Z,2026-04-27T07:52:16Z,main,1909,3410,CHANGES_REQUESTED,roblarsen
meilisearch,meilisearch,meilisearch/meilisearch,https://github.com/meilisearch/meilisearch,57358,2529,294,Rust,2018-04-23T11:45:28Z,2026-04-29T19:15:32Z,main,2907,6353,APPROVED,Kerollmops
scutan90,DeepLearning-500-questions,scutan90/DeepLearning-500-questions,https://github.com/scutan90/DeepLearning-500-questions,57356,15957,121,JavaScript,2018-06-27T06:36:45Z,2024-06-26T12:10:14Z,master,345,535,COMMENTED,AbdullahWins
ultralytics,yolov5,ultralytics/yolov5,https://github.com/ultralytics/yolov5,57314,17487,38,Python,2020-05-18T03:45:11Z,2026-04-27T22:40:15Z,master,2941,13759,APPROVED,UltralyticsAssistant
zylon-ai,private-gpt,zylon-ai/private-gpt,https://github.com/zylon-ai/private-gpt,57205,7602,298,Python,2023-05-02T09:15:31Z,2026-02-26T09:56:49Z,main,491,2203,COMMENTED,imartinez
FuelLabs,fuel-core,FuelLabs/fuel-core,https://github.com/FuelLabs/fuel-core,57116,2861,197,Rust,2020-08-27T21:12:14Z,2026-04-29T23:25:00Z,master,2043,3255,COMMENTED,MitchTurner
starship,starship,starship/starship,https://github.com/starship/starship,57006,2499,1015,Rust,2019-04-02T03:23:12Z,2026-04-29T22:49:28Z,master,3939,7436,COMMENTED,davidkna
rclone,rclone,rclone/rclone,https://github.com/rclone/rclone,56934,5064,1175,Go,2014-03-16T16:19:57Z,2026-04-29T11:43:07Z,master,3233,8886,CHANGES_REQUESTED,roucc
ultralytics,ultralytics,ultralytics/ultralytics,https://github.com/ultralytics/ultralytics,56594,10887,328,Python,2022-09-11T16:39:45Z,2026-04-29T23:33:46Z,main,6057,24384,APPROVED,UltralyticsAssistant
tiimgreen,github-cheat-sheet,tiimgreen/github-cheat-sheet,https://github.com/tiimgreen/github-cheat-sheet,56589,5416,46,,2014-04-12T16:38:42Z,2024-04-15T20:15:56Z,master,174,252,APPROVED,kiseCrow
harry0703,MoneyPrinterTurbo,harry0703/MoneyPrinterTurbo,https://github.com/harry0703/MoneyPrinterTurbo,56562,8139,3,Python,2024-03-11T02:57:34Z,2026-04-22T01:17:29Z,main,201,859,COMMENTED,harry0703
remix-run,react-router,remix-run/react-router,https://github.com/remix-run/react-router,56377,10849,161,TypeScript,2014-05-16T22:22:51Z,2026-04-29T14:26:13Z,main,4948,14982,COMMENTED,brophdawg11
Textualize,rich,Textualize/rich,https://github.com/Textualize/rich,56222,2125,315,Python,2019-11-10T15:28:09Z,2026-04-12T09:40:10Z,master,1450,3971,COMMENTED,TomJGooding
FoundationAgents,OpenManus,FoundationAgents/OpenManus,https://github.com/FoundationAgents/OpenManus,55969,9749,546,Python,2025-03-06T14:08:14Z,2026-02-11T13:48:00Z,main,529,1285,APPROVED,rangrejja
wasabeef,awesome-android-ui,wasabeef/awesome-android-ui,https://github.com/wasabeef/awesome-android-ui,55962,10257,40,,2014-12-24T01:45:03Z,2024-07-06T09:06:23Z,master,234,315,APPROVED,Tajmahalx
appwrite,appwrite,appwrite/appwrite,https://github.com/appwrite/appwrite,55915,5293,1015,TypeScript,2019-04-08T16:36:25Z,2026-04-29T15:39:46Z,1.9.x,6643,12138,APPROVED,eldadfux
golang-standards,project-layout,golang-standards/project-layout,https://github.com/golang-standards/project-layout,55875,5442,94,Makefile,2017-09-09T16:33:26Z,2026-04-28T17:18:05Z,master,157,268,APPROVED,alexandear
sansan0,TrendRadar,sansan0/TrendRadar,https://github.com/sansan0/TrendRadar,55806,23929,34,Python,2025-04-28T11:42:16Z,2026-04-18T23:51:03Z,master,628,384,COMMENTED,0xA1pha
azl397985856,leetcode,azl397985856/leetcode,https://github.com/azl397985856/leetcode,55788,9428,10,JavaScript,2018-03-30T09:13:51Z,2025-07-16T09:42:17Z,master,315,606,APPROVED,Mahfoozalam12
TauricResearch,TradingAgents,TauricResearch/TradingAgents,https://github.com/TauricResearch/TradingAgents,55738,10350,279,Python,2024-12-28T03:31:08Z,2026-04-25T22:17:55Z,main,342,619,COMMENTED,svashisth
farion1231,cc-switch,farion1231/cc-switch,https://github.com/farion1231/cc-switch,55563,3617,686,Rust,2025-08-04T14:16:16Z,2026-04-29T14:58:58Z,main,518,2433,COMMENTED,NKU100
go-gitea,gitea,go-gitea/gitea,https://github.com/go-gitea/gitea,55225,6631,2771,Go,2016-11-01T02:13:26Z,2026-04-29T19:34:38Z,main,21550,37411,COMMENTED,silverwind
deepfakes,faceswap,deepfakes/faceswap,https://github.com/deepfakes/faceswap,55194,13404,7,Python,2017-12-19T09:44:13Z,2026-04-28T17:22:51Z,master,542,1276,COMMENTED,Breakfrer
2dust,v2rayNG,2dust/v2rayNG,https://github.com/2dust/v2rayNG,55104,7283,12,Kotlin,2019-05-15T02:15:31Z,2026-04-29T12:53:34Z,master,884,5567,APPROVED,2dust
code-yeongyu,oh-my-openagent,code-yeongyu/oh-my-openagent,https://github.com/code-yeongyu/oh-my-openagent,55011,4453,676,TypeScript,2025-12-03T01:40:05Z,2026-04-29T17:39:34Z,dev,1885,2931,COMMENTED,sjawhar
laurent22,joplin,laurent22/joplin,https://github.com/laurent22/joplin,54553,6077,579,TypeScript,2017-01-16T21:49:41Z,2026-04-29T12:57:40Z,dev,7118,15214,COMMENTED,mrjo118
mem0ai,mem0,mem0ai/mem0,https://github.com/mem0ai/mem0,54417,6132,260,Python,2023-06-20T08:58:36Z,2026-04-29T17:16:23Z,main,1838,5022,APPROVED,whysosaket
coollabsio,coolify,coollabsio/coolify,https://github.com/coollabsio/coolify,54397,4292,721,PHP,2021-01-25T20:54:01Z,2026-04-29T17:42:03Z,v4.x,4210,9822,COMMENTED,Cinzya
lencx,ChatGPT,lencx/ChatGPT,https://github.com/lencx/ChatGPT,54367,6173,929,Rust,2022-12-07T09:43:02Z,2024-08-29T17:58:11Z,v2-dev,187,1184,APPROVED,Sooraz2
ElemeFE,element,ElemeFE/element,https://github.com/ElemeFE/element,54151,14496,2969,Vue,2016-09-03T06:19:26Z,2024-08-20T07:40:13Z,dev,5134,23066,APPROVED,EdwinBetanc0urt
termux,termux-app,termux/termux-app,https://github.com/termux/termux-app,54137,6465,534,Java,2015-10-23T09:42:46Z,2026-04-06T23:11:53Z,master,572,5003,COMMENTED,twaik
upstash,context7,upstash/context7,https://github.com/upstash/context7,54116,2563,135,TypeScript,2025-03-26T23:40:39Z,2026-04-29T15:09:39Z,master,526,2525,APPROVED,enesgules
maybe-finance,maybe,maybe-finance/maybe,https://github.com/maybe-finance/maybe,54098,5583,0,Ruby,2024-01-01T22:23:46Z,2025-07-24T22:20:44Z,main,1375,2452,COMMENTED,zachgoll
facebookresearch,segment-anything,facebookresearch/segment-anything,https://github.com/facebookresearch/segment-anything,54062,6333,593,Jupyter Notebook,2023-03-23T17:03:03Z,2024-09-18T17:46:55Z,main,129,811,APPROVED,vartelinka-gif
Zie619,n8n-workflows,Zie619/n8n-workflows,https://github.com/Zie619/n8n-workflows,54040,7068,23,Python,2025-05-14T08:43:59Z,2026-02-11T15:41:17Z,main,64,177,APPROVED,ab194781002026
psf,requests,psf/requests,https://github.com/psf/requests,53937,9884,228,Python,2011-02-13T18:38:17Z,2026-04-29T22:38:49Z,main,2901,7272,COMMENTED,cthoyt
ngosang,trackerslist,ngosang/trackerslist,https://github.com/ngosang/trackerslist,53678,6619,13,,2016-04-24T11:57:57Z,2026-04-29T22:09:40Z,master,60,318,COMMENTED,PPPDUD
vuejs,core,vuejs/core,https://github.com/vuejs/core,53564,9099,986,TypeScript,2018-06-12T13:49:36Z,2026-04-29T09:59:46Z,main,6133,14765,COMMENTED,edison1105
ChrisTitusTech,winutil,ChrisTitusTech/winutil,https://github.com/ChrisTitusTech/winutil,53543,3008,13,PowerShell,2022-04-28T02:25:19Z,2026-04-29T17:26:07Z,main,1745,4428,APPROVED,ChrisTitusTech
PowerShell,PowerShell,PowerShell/PowerShell,https://github.com/PowerShell/PowerShell,53226,8299,1479,C#,2016-01-13T23:41:35Z,2026-04-28T23:07:04Z,master,10447,27381,COMMENTED,daxian-dbw
mozilla,pdf.js,mozilla/pdf.js,https://github.com/mozilla/pdf.js,53210,10599,449,JavaScript,2011-04-26T06:32:03Z,2026-04-29T15:04:15Z,master,10112,21194,APPROVED,timvandermeij
google,material-design-icons,google/material-design-icons,https://github.com/google/material-design-icons,53202,9723,403,,2014-10-08T18:01:28Z,2026-04-24T03:13:07Z,master,181,1856,COMMENTED,mdabdullahalaminkhan
typst,typst,typst/typst,https://github.com/typst/typst,53182,1553,1210,Rust,2019-09-24T21:41:56Z,2026-04-29T19:22:44Z,main,2927,8138,COMMENTED,MDLC01
koala73,worldmonitor,koala73/worldmonitor,https://github.com/koala73/worldmonitor,53030,8500,125,TypeScript,2026-01-08T17:26:06Z,2026-04-29T14:57:06Z,main,2979,3338,COMMENTED,fuleinist
TryGhost,Ghost,TryGhost/Ghost,https://github.com/TryGhost/Ghost,52707,11518,241,JavaScript,2013-05-04T11:09:13Z,2026-04-29T23:27:09Z,main,20209,27607,COMMENTED,EvanHahn
karpathy,nanochat,karpathy/nanochat,https://github.com/karpathy/nanochat,52703,7052,96,Python,2025-10-13T13:46:35Z,2026-04-14T18:33:15Z,master,457,644,COMMENTED,svlandeg
JetBrains,kotlin,JetBrains/kotlin,https://github.com/JetBrains/kotlin,52658,6286,239,Kotlin,2012-02-13T17:29:58Z,2026-04-29T22:47:17Z,master,5916,5891,COMMENTED,jDramaix
ionic-team,ionic-framework,ionic-team/ionic-framework,https://github.com/ionic-team/ionic-framework,52479,13387,627,TypeScript,2013-08-20T23:06:02Z,2026-04-29T23:22:25Z,main,8582,31097,COMMENTED,thetaPC
sickcodes,Docker-OSX,sickcodes/Docker-OSX,https://github.com/sickcodes/Docker-OSX,52456,2893,417,Shell,2020-06-04T11:01:37Z,2025-11-11T05:23:57Z,master,136,819,APPROVED,sleeyax
FlowiseAI,Flowise,FlowiseAI/Flowise,https://github.com/FlowiseAI/Flowise,52395,24235,830,TypeScript,2023-03-31T12:23:09Z,2026-04-29T22:51:22Z,main,2497,6317,COMMENTED,christopherholland-workday
ghostty-org,ghostty,ghostty-org/ghostty,https://github.com/ghostty-org/ghostty,52338,2517,240,Zig,2022-03-29T17:38:26Z,2026-04-27T20:42:03Z,main,4696,11325,CHANGES_REQUESTED,mitchellh
vsouza,awesome-ios,vsouza/awesome-ios,https://github.com/vsouza/awesome-ios,52005,6954,2,Swift,2014-07-10T16:03:45Z,2026-04-24T18:48:56Z,master,2720,3214,APPROVED,Naveen-C-Ramachandrappa
prettier,prettier,prettier/prettier,https://github.com/prettier/prettier,51831,4706,1472,JavaScript,2016-11-29T17:13:37Z,2026-04-29T23:37:46Z,main,11470,19105,COMMENTED,fisker
etcd-io,etcd,etcd-io/etcd,https://github.com/etcd-io/etcd,51660,10326,238,Go,2013-07-06T21:57:21Z,2026-04-29T16:33:36Z,main,13932,21584,COMMENTED,hwdef
agalwood,Motrix,agalwood/Motrix,https://github.com/agalwood/Motrix,51561,4868,776,JavaScript,2018-12-18T11:45:05Z,2024-07-11T12:09:20Z,master,288,1569,APPROVED,JohnWiliam
xai-org,grok-1,xai-org/grok-1,https://github.com/xai-org/grok-1,51530,8459,126,Python,2024-03-17T08:53:38Z,2024-08-30T04:17:25Z,main,93,447,COMMENTED,h9zdev
google,guava,google/guava,https://github.com/google/guava,51496,11143,733,Java,2014-05-29T16:23:17Z,2026-04-28T20:36:17Z,master,3305,8371,COMMENTED,cgdecker
jekyll,jekyll,jekyll/jekyll,https://github.com/jekyll/jekyll,51402,10283,245,Ruby,2008-10-20T06:29:03Z,2026-04-22T14:50:12Z,master,4581,9776,COMMENTED,ashmaroli
chinese-poetry,chinese-poetry,chinese-poetry/chinese-poetry,https://github.com/chinese-poetry/chinese-poetry,51359,10363,134,JavaScript,2016-09-02T03:32:25Z,2026-04-28T09:07:55Z,master,173,378,APPROVED,Nyxvectar
DefinitelyTyped,DefinitelyTyped,DefinitelyTyped/DefinitelyTyped,https://github.com/DefinitelyTyped/DefinitelyTyped,51207,30506,692,TypeScript,2012-10-05T16:39:45Z,2026-04-29T19:27:18Z,master,62967,74919,APPROVED,jhuenges
dockur,windows,dockur/windows,https://github.com/dockur/windows,51108,4246,123,Shell,2024-01-14T13:09:40Z,2026-04-01T21:07:16Z,master,649,1685,COMMENTED,poedatell777
Semantic-Org,Semantic-UI,Semantic-Org/Semantic-UI,https://github.com/Semantic-Org/Semantic-UI,51101,4881,1073,JavaScript,2013-04-08T23:32:04Z,2024-11-27T21:01:48Z,master,868,6664,APPROVED,RedhatPH8
ethereum,go-ethereum,ethereum/go-ethereum,https://github.com/ethereum/go-ethereum,51009,21894,414,Go,2013-12-26T13:05:46Z,2026-04-29T22:28:55Z,master,13750,34626,COMMENTED,jrhea
jellyfin,jellyfin,jellyfin/jellyfin,https://github.com/jellyfin/jellyfin,50877,4717,853,C#,2018-12-09T06:36:45Z,2026-04-29T19:40:45Z,master,6625,16220,CHANGES_REQUESTED,JPVenson
justjavac,awesome-wechat-weapp,justjavac/awesome-wechat-weapp,https://github.com/justjavac/awesome-wechat-weapp,50861,9012,2,,2016-09-22T20:04:48Z,2025-11-19T06:06:13Z,main,303,344,APPROVED,justjavac
jesseduffield,lazydocker,jesseduffield/lazydocker,https://github.com/jesseduffield/lazydocker,50847,1608,273,Go,2019-05-18T08:53:50Z,2026-04-19T02:51:06Z,master,337,776,CHANGES_REQUESTED,ddibiasi
Avik-Jain,100-Days-Of-ML-Code,Avik-Jain/100-Days-Of-ML-Code,https://github.com/Avik-Jain/100-Days-Of-ML-Code,50795,11494,67,,2018-07-05T09:11:43Z,2023-12-29T07:57:53Z,master,70,6,COMMENTED,kbatnij
charlax,professional-programming,charlax/professional-programming,https://github.com/charlax/professional-programming,50768,3965,1,Python,2015-11-07T05:07:52Z,2026-04-20T12:55:25Z,master,75,110,CHANGES_REQUESTED,johnpohlman5-sketch
lyswhut,lx-music-desktop,lyswhut/lx-music-desktop,https://github.com/lyswhut/lx-music-desktop,50550,6767,1142,TypeScript,2019-08-14T14:31:08Z,2026-04-10T04:16:57Z,master,185,2691,COMMENTED,3gf8jv4dv
MemPalace,mempalace,MemPalace/mempalace,https://github.com/MemPalace/mempalace,50370,6620,511,Python,2026-04-05T01:12:07Z,2026-04-29T01:18:23Z,develop,725,550,COMMENTED,web3guru888
crewAIInc,crewAI,crewAIInc/crewAI,https://github.com/crewAIInc/crewAI,50294,6926,389,Python,2023-10-27T03:26:59Z,2026-04-29T21:58:42Z,main,3405,5661,APPROVED,gabemilani
jgthms,bulma,jgthms/bulma,https://github.com/jgthms/bulma,50081,3902,522,CSS,2016-01-23T23:48:34Z,2026-03-01T20:13:02Z,main,1208,4028,APPROVED,lucasinocente
mastodon,mastodon,mastodon/mastodon,https://github.com/mastodon/mastodon,49890,7432,4455,Ruby,2016-02-22T15:01:25Z,2026-04-29T19:58:44Z,main,23237,25032,COMMENTED,dmathieu
dbeaver,dbeaver,dbeaver/dbeaver,https://github.com/dbeaver/dbeaver,49797,4151,3308,Java,2015-10-21T08:26:28Z,2026-04-29T21:31:55Z,devel,8000,40896,CHANGES_REQUESTED,ShadelessFox
cypress-io,cypress,cypress-io/cypress,https://github.com/cypress-io/cypress,49621,3396,1214,TypeScript,2015-03-04T00:46:28Z,2026-04-29T18:40:58Z,develop,10049,33694,COMMENTED,AtofStryker
freqtrade,freqtrade,freqtrade/freqtrade,https://github.com/freqtrade/freqtrade,49566,10328,31,Python,2017-05-17T23:48:53Z,2026-04-29T18:01:54Z,develop,7401,13104,APPROVED,xmatthias
nlohmann,json,nlohmann/json,https://github.com/nlohmann/json,49525,7377,103,C++,2013-07-04T08:47:49Z,2026-04-24T18:27:35Z,develop,1486,5137,COMMENTED,nlohmann
NARKOZ,hacker-scripts,NARKOZ/hacker-scripts,https://github.com/NARKOZ/hacker-scripts,49468,6646,69,JavaScript,2015-11-21T19:05:09Z,2023-10-23T21:01:40Z,master,142,231,APPROVED,xanderdials935-droid
AlistGo,alist,AlistGo/alist,https://github.com/AlistGo/alist,49391,7947,565,Go,2020-12-23T17:40:29Z,2026-04-21T16:26:33Z,main,1145,8342,APPROVED,xhofe
TanStack,query,TanStack/query,https://github.com/TanStack/query,49270,3802,158,TypeScript,2019-09-10T19:23:58Z,2026-04-29T21:21:47Z,main,4267,655,APPROVED,MichaelDeBoey
huginn,huginn,huginn/huginn,https://github.com/huginn/huginn,49206,4252,695,Ruby,2013-03-10T06:00:31Z,2026-04-27T03:25:37Z,master,1411,3623,APPROVED,knu
ggml-org,whisper.cpp,ggml-org/whisper.cpp,https://github.com/ggml-org/whisper.cpp,49173,5471,1186,C++,2022-09-25T18:26:37Z,2026-04-20T05:12:57Z,master,1322,3395,COMMENTED,KitaitiMakoto
expo,expo,expo/expo,https://github.com/expo/expo,49095,12000,896,TypeScript,2016-08-15T17:14:25Z,2026-04-29T23:40:06Z,main,24457,44442,COMMENTED,jakex7
run-llama,llama_index,run-llama/llama_index,https://github.com/run-llama/llama_index,49046,7333,298,Python,2022-11-02T04:24:54Z,2026-04-28T19:08:48Z,main,8992,21374,COMMENTED,bschloss
NanmiCoder,MediaCrawler,NanmiCoder/MediaCrawler,https://github.com/NanmiCoder/MediaCrawler,48665,10387,154,Python,2023-06-09T12:14:34Z,2026-04-25T14:01:16Z,main,230,867,APPROVED,NanmiCoder
JuliaLang,julia,JuliaLang/julia,https://github.com/JuliaLang/julia,48641,5765,4711,Julia,2011-04-21T07:01:50Z,2026-04-29T22:34:29Z,master,33962,61595,COMMENTED,topolarity
iamkun,dayjs,iamkun/dayjs,https://github.com/iamkun/dayjs,48628,2428,1210,JavaScript,2018-04-10T09:26:44Z,2026-04-17T21:46:01Z,dev,1194,2843,APPROVED,ivashi
pandas-dev,pandas,pandas-dev/pandas,https://github.com/pandas-dev/pandas,48620,19890,3394,Python,2010-08-24T01:37:33Z,2026-04-29T21:39:36Z,main,36987,62440,COMMENTED,mroeschke
jingyaogong,minimind,jingyaogong/minimind,https://github.com/jingyaogong/minimind,48564,6130,30,Python,2024-07-27T04:34:12Z,2026-04-28T09:22:34Z,master,85,710,APPROVED,officialbtsparkjimin723-ops
makeplane,plane,makeplane/plane,https://github.com/makeplane/plane,48536,4125,744,TypeScript,2022-11-19T12:55:01Z,2026-04-29T12:56:58Z,preview,7123,8966,COMMENTED,jamartineztelecoengineer84-dotcom
algorithm-visualizer,algorithm-visualizer,algorithm-visualizer/algorithm-visualizer,https://github.com/algorithm-visualizer/algorithm-visualizer,48515,7590,78,JavaScript,2016-05-15T00:27:45Z,2024-06-09T06:54:22Z,master,256,359,APPROVED,controllocked
skylot,jadx,skylot/jadx,https://github.com/skylot/jadx,48295,5502,417,Java,2013-03-18T17:08:21Z,2026-04-27T18:36:06Z,master,736,2860,APPROVED,skylot
ReactiveX,RxJava,ReactiveX/RxJava,https://github.com/ReactiveX/RxJava,48287,7589,20,Java,2013-01-08T20:11:48Z,2026-04-29T05:07:26Z,4.x,4147,8106,APPROVED,akarnokd
hashicorp,terraform,hashicorp/terraform,https://github.com/hashicorp/terraform,48286,10324,1891,Go,2014-03-13T22:25:48Z,2026-04-29T21:33:47Z,main,16314,38477,APPROVED,austinvalle
lllyasviel,Fooocus,lllyasviel/Fooocus,https://github.com/lllyasviel/Fooocus,48237,7865,293,Python,2023-08-09T18:43:40Z,2025-12-01T19:17:07Z,main,720,4173,APPROVED,chanakyacool
x64dbg,x64dbg,x64dbg/x64dbg,https://github.com/x64dbg/x64dbg,48234,2724,570,C++,2015-04-11T20:48:23Z,2026-04-26T10:53:13Z,development,981,3842,COMMENTED,mrexodia
kelseyhightower,kubernetes-the-hard-way,kelseyhightower/kubernetes-the-hard-way,https://github.com/kelseyhightower/kubernetes-the-hard-way,48088,15633,49,,2016-07-07T14:15:27Z,2025-04-10T06:11:47Z,master,483,912,APPROVED,ThanhDangNgo
moment,moment,moment/moment,https://github.com/moment/moment,47986,7000,297,JavaScript,2011-03-01T02:46:06Z,2024-08-14T17:12:19Z,develop,2104,6330,CHANGES_REQUESTED,tacsipacsi
Homebrew,brew,Homebrew/brew,https://github.com/Homebrew/brew,47783,11086,18,Ruby,2016-03-06T05:08:38Z,2026-04-29T14:37:52Z,main,16147,22107,COMMENTED,MikeMcQuaid
akullpp,awesome-java,akullpp/awesome-java,https://github.com/akullpp/awesome-java,47781,7668,2,,2014-07-09T10:12:43Z,2026-04-12T12:40:14Z,master,1044,1231,APPROVED,andrzejsydor
nilbuild,design-patterns-for-humans,nilbuild/design-patterns-for-humans,https://github.com/nilbuild/design-patterns-for-humans,47779,5510,16,,2017-02-16T21:24:39Z,2024-12-02T04:54:48Z,master,88,139,COMMENTED,RaviRaaja
minimaxir,big-list-of-naughty-strings,minimaxir/big-list-of-naughty-strings,https://github.com/minimaxir/big-list-of-naughty-strings,47635,2160,108,Python,2015-08-08T20:57:20Z,2024-04-18T03:26:59Z,master,156,270,APPROVED,MarcosSouza122
jakevdp,PythonDataScienceHandbook,jakevdp/PythonDataScienceHandbook,https://github.com/jakevdp/PythonDataScienceHandbook,47561,18863,231,Jupyter Notebook,2016-08-10T14:24:36Z,2024-06-26T19:17:33Z,master,226,169,APPROVED,bingyao
gogs,gogs,gogs/gogs,https://github.com/gogs/gogs,47502,5055,986,Go,2014-02-12T01:57:08Z,2026-04-24T02:11:24Z,main,2488,8238,APPROVED,unknwon
astral-sh,ruff,astral-sh/ruff,https://github.com/astral-sh/ruff,47304,2033,1967,Rust,2022-08-09T17:17:44Z,2026-04-29T21:55:27Z,main,15705,24928,CHANGES_REQUESTED,carljm
ClickHouse,ClickHouse,ClickHouse/ClickHouse,https://github.com/ClickHouse/ClickHouse,47130,8351,5990,C++,2016-06-02T08:28:18Z,2026-04-29T23:38:41Z,master,27054,97254,COMMENTED,geldot
metabase,metabase,metabase/metabase,https://github.com/metabase/metabase,47112,6419,4116,Clojure,2015-02-02T19:25:47Z,2026-04-29T23:38:20Z,master,48438,73167,APPROVED,fraserdrops
DovAmir,awesome-design-patterns,DovAmir/awesome-design-patterns,https://github.com/DovAmir/awesome-design-patterns,47109,3234,23,,2018-06-04T17:47:48Z,2024-10-25T19:57:00Z,master,56,71,APPROVED,yiiman-dev
slab,quill,slab/quill,https://github.com/slab/quill,47085,3631,645,TypeScript,2012-07-30T23:23:18Z,2025-07-25T06:09:23Z,main,808,4774,COMMENTED,RaedAbr
microsoft,AI-For-Beginners,microsoft/AI-For-Beginners,https://github.com/microsoft/AI-For-Beginners,47072,9668,0,Jupyter Notebook,2021-03-03T16:27:36Z,2026-04-24T10:39:56Z,main,432,616,APPROVED,leestott
pixijs,pixijs,pixijs/pixijs,https://github.com/pixijs/pixijs,47071,5009,324,TypeScript,2013-01-21T22:40:50Z,2026-04-24T07:34:07Z,dev,4796,11923,COMMENTED,bigtimebuddy
penpot,penpot,penpot/penpot,https://github.com/penpot/penpot,47042,2838,588,Clojure,2015-12-29T22:09:07Z,2026-04-29T21:44:58Z,develop,6651,9132,COMMENTED,niwinz
typescript-cheatsheets,react,typescript-cheatsheets/react,https://github.com/typescript-cheatsheets/react,47037,4295,1,JavaScript,2018-06-02T04:08:16Z,2026-04-28T17:02:37Z,main,518,814,APPROVED,filiptammergard
square,okhttp,square/okhttp,https://github.com/square/okhttp,46944,9275,106,Kotlin,2012-07-23T13:42:55Z,2026-04-27T14:09:04Z,master,4983,9395,COMMENTED,yschimke
discourse,discourse,discourse/discourse,https://github.com/discourse/discourse,46923,8897,142,Ruby,2013-01-12T00:25:55Z,2026-04-29T23:41:21Z,main,39037,39477,COMMENTED,renato
serverless,serverless,serverless/serverless,https://github.com/serverless/serverless,46918,5734,1241,JavaScript,2015-04-21T03:48:40Z,2026-04-29T14:59:48Z,main,5983,13506,CHANGES_REQUESTED,czubocha
tldraw,tldraw,tldraw/tldraw,https://github.com/tldraw/tldraw,46700,3178,344,TypeScript,2021-05-09T11:48:37Z,2026-04-29T18:39:35Z,main,5689,8708,APPROVED,kostyafarber
dypsilon,frontend-dev-bookmarks,dypsilon/frontend-dev-bookmarks,https://github.com/dypsilon/frontend-dev-bookmarks,46572,5148,123,,2013-06-22T13:23:55Z,2024-05-21T10:56:58Z,master,337,381,APPROVED,Luuhungbn97
acmesh-official,acme.sh,acmesh-official/acme.sh,https://github.com/acmesh-official/acme.sh,46442,5561,1391,Shell,2015-12-26T12:56:33Z,2026-04-28T20:27:29Z,master,2389,6829,COMMENTED,firestormisp
Asabeneh,30-Days-Of-JavaScript,Asabeneh/30-Days-Of-JavaScript,https://github.com/Asabeneh/30-Days-Of-JavaScript,46282,10446,369,JavaScript,2019-12-23T14:07:40Z,2025-12-06T11:12:48Z,master,673,624,APPROVED,Doctorine06
coreybutler,nvm-windows,coreybutler/nvm-windows,https://github.com/coreybutler/nvm-windows,46167,3803,80,Go,2014-09-20T16:37:28Z,2026-04-17T17:58:18Z,master,215,1338,COMMENTED,PetroPricesnearMe
slidevjs,slidev,slidevjs/slidev,https://github.com/slidevjs/slidev,46119,2037,189,TypeScript,2021-04-24T01:25:23Z,2026-04-29T16:45:47Z,main,963,2540,APPROVED,kermanx
bmad-code-org,BMAD-METHOD,bmad-code-org/BMAD-METHOD,https://github.com/bmad-code-org/BMAD-METHOD,46010,5435,52,JavaScript,2025-04-13T14:54:25Z,2026-04-29T03:53:49Z,main,1058,2332,COMMENTED,jrevillard
mudler,LocalAI,mudler/LocalAI,https://github.com/mudler/LocalAI,45931,4033,155,Go,2023-03-18T22:58:02Z,2026-04-29T22:52:35Z,master,7813,9527,COMMENTED,mudler
microsoft,monaco-editor,microsoft/monaco-editor,https://github.com/microsoft/monaco-editor,45923,4055,812,JavaScript,2016-06-07T16:56:31Z,2026-04-27T16:11:22Z,main,837,5308,APPROVED,rzhao271
KRTirtho,spotube,KRTirtho/spotube,https://github.com/KRTirtho/spotube,45892,2060,786,Dart,2021-02-14T03:17:58Z,2026-03-15T02:52:43Z,master,413,2919,APPROVED,KRTirtho
prisma,prisma,prisma/prisma,https://github.com/prisma/prisma,45858,2180,2580,TypeScript,2019-06-20T13:33:47Z,2026-04-29T15:27:11Z,main,8145,29472,COMMENTED,matingathani
bevyengine,bevy,bevyengine/bevy,https://github.com/bevyengine/bevy,45802,4532,3327,Rust,2020-01-18T21:13:55Z,2026-04-29T20:28:52Z,main,13793,24039,COMMENTED,alice-i-cecile
LeCoupa,awesome-cheatsheets,LeCoupa/awesome-cheatsheets,https://github.com/LeCoupa/awesome-cheatsheets,45733,6686,137,JavaScript,2017-11-09T02:47:15Z,2026-04-12T17:26:10Z,master,336,424,COMMENTED,codeCraft-Ritik
microsoft,VibeVoice,microsoft/VibeVoice,https://github.com/microsoft/VibeVoice,45661,5044,149,Python,2025-08-25T13:24:01Z,2026-04-24T17:12:20Z,main,140,364,APPROVED,Uthen242
android,architecture-samples,android/architecture-samples,https://github.com/android/architecture-samples,45646,11870,219,Kotlin,2016-02-05T13:42:07Z,2026-04-28T15:42:22Z,main,512,1064,APPROVED,JoseAlcerreca
lukasz-madon,awesome-remote-job,lukasz-madon/awesome-remote-job,https://github.com/lukasz-madon/awesome-remote-job,45480,4592,53,,2015-01-02T00:31:34Z,2026-01-12T01:29:57Z,master,909,1018,APPROVED,Mrstragr
google,zx,google/zx,https://github.com/google/zx,45444,1260,39,JavaScript,2021-05-05T05:50:01Z,2026-04-20T06:14:23Z,main,798,1445,APPROVED,antongolub
jestjs,jest,jestjs/jest,https://github.com/jestjs/jest,45335,6646,247,TypeScript,2013-12-10T00:18:04Z,2026-04-29T22:08:18Z,main,7691,16006,APPROVED,SimenB
twentyhq,twenty,twentyhq/twenty,https://github.com/twentyhq/twenty,45320,6260,92,TypeScript,2022-12-01T13:04:40Z,2026-04-29T21:27:42Z,main,12893,20068,COMMENTED,FelixMalfait
apache,airflow,apache/airflow,https://github.com/apache/airflow,45238,16969,1716,Python,2015-04-13T18:04:58Z,2026-04-29T23:02:10Z,main,46080,66134,APPROVED,seanghaeli
BerriAI,litellm,BerriAI/litellm,https://github.com/BerriAI/litellm,45228,7661,2781,Python,2023-07-27T00:09:52Z,2026-04-29T23:40:24Z,litellm_internal_staging,13482,26793,COMMENTED,ishaan-berri
RocketChat,Rocket.Chat,RocketChat/Rocket.Chat,https://github.com/RocketChat/Rocket.Chat,45217,13543,3675,TypeScript,2015-05-19T07:36:09Z,2026-04-29T23:31:00Z,develop,21829,39859,CHANGES_REQUESTED,aleksandernsilva
remotion-dev,remotion,remotion-dev/remotion,https://github.com/remotion-dev/remotion,45208,3066,97,TypeScript,2020-06-23T19:49:10Z,2026-04-29T20:34:06Z,main,4732,7186,CHANGES_REQUESTED,JonnyBurger
coqui-ai,TTS,coqui-ai/TTS,https://github.com/coqui-ai/TTS,45193,6062,7,Python,2020-05-20T15:45:28Z,2024-08-16T12:07:14Z,dev,786,4404,APPROVED,sapreparth
Leaflet,Leaflet,Leaflet/Leaflet,https://github.com/Leaflet/Leaflet,44932,6117,545,JavaScript,2010-09-22T16:57:44Z,2026-04-20T14:49:55Z,main,4577,10176,APPROVED,jonkoops
isocpp,CppCoreGuidelines,isocpp/CppCoreGuidelines,https://github.com/isocpp/CppCoreGuidelines,44931,5544,247,CSS,2015-08-19T20:22:52Z,2026-04-16T19:07:57Z,master,1052,2321,COMMENTED,beinhaerter
meteor,meteor,meteor/meteor,https://github.com/meteor/meteor,44767,5256,355,JavaScript,2012-01-19T01:58:17Z,2026-04-29T22:55:24Z,devel,4744,14112,COMMENTED,nachocodoner
CherryHQ,cherry-studio,CherryHQ/cherry-studio,https://github.com/CherryHQ/cherry-studio,44758,4255,1109,TypeScript,2024-05-24T01:56:26Z,2026-04-29T17:48:06Z,main,4442,10162,COMMENTED,0xfullex
GitSquared,edex-ui,GitSquared/edex-ui,https://github.com/GitSquared/edex-ui,44725,3097,6,JavaScript,2017-01-28T09:35:02Z,2021-10-19T22:38:47Z,master,474,1157,APPROVED,GitSquared
grpc,grpc,grpc/grpc,https://github.com/grpc/grpc,44691,11144,1305,C++,2014-12-08T18:58:53Z,2026-04-29T22:10:49Z,master,29969,41937,COMMENTED,anniefrchz
pyenv,pyenv,pyenv/pyenv,https://github.com/pyenv/pyenv,44684,3249,56,Shell,2012-08-31T06:57:52Z,2026-04-29T05:26:30Z,master,1268,3434,COMMENTED,native-api
react-hook-form,react-hook-form,react-hook-form/react-hook-form,https://github.com/react-hook-form/react-hook-form,44684,2392,128,TypeScript,2019-03-05T23:47:10Z,2026-04-29T21:54:55Z,master,2784,13404,APPROVED,bluebill1049
iina,iina,iina/iina,https://github.com/iina/iina,44653,2806,1909,Swift,2016-12-19T07:18:45Z,2026-04-29T14:30:50Z,develop,1379,6040,CHANGES_REQUESTED,low-batt
vercel,hyper,vercel/hyper,https://github.com/vercel/hyper,44590,3550,1040,TypeScript,2016-07-01T06:01:21Z,2026-04-20T12:29:35Z,canary,4193,3069,APPROVED,thetaurean
9001,copyparty,9001/copyparty,https://github.com/9001/copyparty,44557,1811,248,Python,2019-05-26T15:28:33Z,2026-04-24T22:42:51Z,hovudstraum,264,1184,COMMENTED,Scotsguy
streamlit,streamlit,streamlit/streamlit,https://github.com/streamlit/streamlit,44398,4217,1303,Python,2019-08-24T00:14:52Z,2026-04-29T22:32:34Z,develop,8913,14975,COMMENTED,lukasmasuch
SimplifyJobs,Summer2026-Internships,SimplifyJobs/Summer2026-Internships,https://github.com/SimplifyJobs/Summer2026-Internships,44352,3177,4,Python,2020-05-23T20:53:18Z,2026-04-29T23:31:17Z,dev,1961,9295,APPROVED,joshtseng41603
exo-explore,exo,exo-explore/exo,https://github.com/exo-explore/exo,44211,3100,197,Python,2024-06-24T18:36:22Z,2026-04-29T23:19:50Z,main,1141,2006,APPROVED,Evanev7
helix-editor,helix,helix-editor/helix,https://github.com/helix-editor/helix,44167,3439,1519,Rust,2020-06-01T04:26:56Z,2026-04-28T23:25:11Z,master,6611,14951,COMMENTED,EmrysMyrddin
cli,cli,cli/cli,https://github.com/cli/cli,44141,8351,991,Go,2019-10-03T15:24:53Z,2026-04-29T15:34:10Z,trunk,4103,13312,COMMENTED,tidy-dev
milvus-io,milvus,milvus-io/milvus,https://github.com/milvus-io/milvus,44049,3985,1095,Go,2019-09-16T06:43:43Z,2026-04-29T17:15:50Z,master,30107,49467,COMMENTED,liliu-z
parcel-bundler,parcel,parcel-bundler/parcel,https://github.com/parcel-bundler/parcel,44032,2273,592,JavaScript,2017-08-07T16:36:47Z,2026-04-27T05:10:32Z,v2,3405,10118,COMMENTED,codeCraft-Ritik
Fission-AI,OpenSpec,Fission-AI/OpenSpec,https://github.com/Fission-AI/OpenSpec,44027,3053,304,TypeScript,2025-08-05T10:37:45Z,2026-04-24T07:41:01Z,main,520,964,COMMENTED,duizendnegen
streamich,react-use,streamich/react-use,https://github.com/streamich/react-use,43969,3272,654,TypeScript,2018-10-27T10:16:05Z,2026-01-20T12:19:23Z,master,2087,2701,COMMENTED,itsmejay80
yangshun,front-end-interview-handbook,yangshun/front-end-interview-handbook,https://github.com/yangshun/front-end-interview-handbook,43945,5956,11,MDX,2018-01-13T19:40:08Z,2026-04-29T12:40:43Z,main,405,61,APPROVED,yangshun
AykutSarac,jsoncrack.com,AykutSarac/jsoncrack.com,https://github.com/AykutSarac/jsoncrack.com,43915,3536,34,TypeScript,2022-01-30T15:25:18Z,2026-04-22T20:59:11Z,main,222,512,COMMENTED,TallTed
square,retrofit,square/retrofit,https://github.com/square/retrofit,43906,7352,170,HTML,2010-09-06T21:39:43Z,2026-04-27T21:44:48Z,trunk,1791,4552,COMMENTED,danrebati-fujitsu
babel,babel,babel/babel,https://github.com/babel/babel,43898,5813,752,TypeScript,2014-09-28T13:38:23Z,2026-04-29T21:42:25Z,main,8001,17948,APPROVED,JLHwung
spf13,cobra,spf13/cobra,https://github.com/spf13/cobra,43798,3134,364,Go,2013-09-03T20:40:26Z,2026-04-25T23:07:41Z,main,1121,2398,APPROVED,marckhouzam
hiroi-sora,Umi-OCR,hiroi-sora/Umi-OCR,https://github.com/hiroi-sora/Umi-OCR,43785,4324,337,Python,2022-03-28T04:01:46Z,2025-11-20T14:58:13Z,main,71,1002,COMMENTED,MonkeyCode-AI
jgm,pandoc,jgm/pandoc,https://github.com/jgm/pandoc,43785,3837,1069,Haskell,2010-03-20T20:34:23Z,2026-04-24T18:35:12Z,main,2282,6551,COMMENTED,jgm
aymericdamien,TensorFlow-Examples,aymericdamien/TensorFlow-Examples,https://github.com/aymericdamien/TensorFlow-Examples,43783,14757,228,Jupyter Notebook,2015-11-11T14:21:19Z,2024-07-26T19:46:13Z,master,174,306,COMMENTED,khatchad
NaiboWang,EasySpider,NaiboWang/EasySpider,https://github.com/NaiboWang/EasySpider,43740,5323,266,JavaScript,2020-07-18T02:41:27Z,2026-04-22T13:59:44Z,master,75,949,APPROVED,NaiboWang
getsentry,sentry,getsentry/sentry,https://github.com/getsentry/sentry,43733,4677,2125,Python,2010-08-30T22:06:41Z,2026-04-29T23:50:54Z,master,95864,114385,APPROVED,kcons
DIYgod,RSSHub,DIYgod/RSSHub,https://github.com/DIYgod/RSSHub,43727,9696,360,TypeScript,2018-04-02T14:43:21Z,2026-04-29T22:24:51Z,master,15158,21484,COMMENTED,TonyRL
warpdotdev,warp,warpdotdev/warp,https://github.com/warpdotdev/warp,43580,2590,3215,Rust,2021-07-08T18:48:08Z,2026-04-29T23:49:29Z,master,275,9339,APPROVED,vikvang
aaif-goose,goose,aaif-goose/goose,https://github.com/aaif-goose/goose,43547,4448,399,Rust,2024-08-23T19:03:36Z,2026-04-29T23:39:20Z,main,6519,8905,APPROVED,michaelneale
usebruno,bruno,usebruno/bruno,https://github.com/usebruno/bruno,43381,2364,1656,JavaScript,2022-09-27T20:51:45Z,2026-04-29T12:49:24Z,main,3301,7673,COMMENTED,sanish-bruno
